国文研書誌ID,公開時期,オープンデータ分類,書名（統一書名）,刊・写,原本請求記号,刊年・書写年,（西暦）,冊数等,(単位),Pages per Scan,Aspect,TitleHiragana,TitleRomanji,NrImages,Estimate
200018462,H29.12,政治・法制,鎌倉武鑑,刊,ＭＹ－１４９０－４,文政２,1819,1,冊,2,Portrait,かまくらぶかん,kamakurabukan,69,False
200018466,H29.12,政治・法制,応仁武鑑,刊,ＭＹ－１４９０－７,天保１５,1844,2,冊,2,Portrait,おうにんぶかん,ōninbukan,78,False
200018476,H29.12,政治・法制,応仁武鑑,刊,ＭＹ－１４９０－８,弘化３,1846,3,冊,2,Portrait,おうにんぶかん,ōninbukan,100,False
200018713,H29.12,政治・法制,本朝武鑑,刊,ＭＹ－１２０１－５３,貞享３,1686,1,冊,2,Landscape,ほんちょうぶかん,honchōbukan,75,True
200018714,H29.12,政治・法制,本朝武鑑,刊,ＭＹ－１２０１－５４,貞享３,1686,1,冊,2,Landscape,ほんちょうぶかん,honchōbukan,94,False
200018718,H29.12,政治・法制,太平武鑑,刊,ＭＹ－１２０１－５８,元禄２,1689,1,冊,2,Landscape,たいへいぶかん,taihenbukan,48,True
200018719,H29.12,政治・法制,太平武鑑,刊,ＭＹ－１２０１－５９,元禄３,1690,1,冊,2,Landscape,たいへいぶかん,taihenbukan,51,True
200018721,H29.12,政治・法制,太平武鑑,刊,ＭＹ－１２０１－６１,元禄４,1691,1,冊,2,Landscape,たいへいぶかん,taihenbukan,103,True
200018723,H29.12,政治・法制,太平武鑑大全,刊,ＭＹ－１２０１－６３,元禄５,1692,1,冊,2,Landscape,たいへいぶかんたいぜん,taihenbukantaizen,50,True
200018725,H29.12,政治・法制,本朝武鑑,刊,ＭＹ－１２０１－６５,元禄６,1693,1,冊,2,Landscape,ほんちょうぶかん,honchōbukan,79,True
200018728,H29.12,政治・法制,太平武鑑,刊,ＭＹ－１２０１－６７,元禄７,1694,1,冊,2,Landscape,たいへいぶかん,taihenbukan,52,True
200018729,H29.12,政治・法制,太平武鑑,刊,ＭＹ－１２０１－６８,元禄７,1694,1,冊,2,Landscape,たいへいぶかん,taihenbukan,52,False
200018731,H29.12,政治・法制,太平武鑑,刊,ＭＹ－１２０１－７０,元禄９,1696,1,冊,2,Landscape,たいへいぶかん,taihenbukan,67,False
200018732,H29.12,政治・法制,太平武鑑,刊,ＭＹ－１２０１－７１,元禄９,1696,1,冊,2,Landscape,たいへいぶかん,taihenbukan,49,True
200018733,H29.12,政治・法制,太平武鑑,刊,ＭＹ－１２０１－７２,元禄１０,1697,1,冊,2,Landscape,たいへいぶかん,taihenbukan,92,True
200018745,H29.12,政治・法制,正統武鑑,刊,ＭＹ－１２０１－８３,元禄１５,1702,1,冊,2,Portrait,せいとうぶかん,seitōbukan,86,False
200018746,H29.12,政治・法制,正統武鑑,刊,ＭＹ－１２０１－８４,元禄１６,1703,3,冊,2,Portrait,せいとうぶかん,seitōbukan,224,True
200018747,H29.12,政治・法制,元禄武鑑大全,刊,ＭＹ－１２０１－８５,元禄１６,1703,1,冊,2,Portrait,げんろくぶかんたいぜん,genrokubukantaizen,56,True
200018748,H29.12,政治・法制,元禄武鑑大全,刊,ＭＹ－１２０１－８６,元禄１６,1703,1,冊,2,Portrait,げんろくぶかんたいぜん,genrokubukantaizen,58,True
200018749,H29.12,政治・法制,元禄武鑑大全,刊,ＭＹ－１２０１－８７,元禄１６,1703,2,冊,2,Portrait,げんろくぶかんたいぜん,genrokubukantaizen,71,False
200018750,H29.12,政治・法制,元禄武鑑大全,刊,ＭＹ－１２０１－８８,元禄１６,1703,1,冊,2,Portrait,げんろくぶかんたいぜん,genrokubukantaizen,44,False
200018752,H29.12,政治・法制,宝永武鑑大成,刊,ＭＹ－１２０１－９０,宝永１,1704,1,冊,2,Portrait,ほうえいぶかんたいせい,hōeibukantaisen,173,False
200018755,H29.12,政治・法制,宝永武鑑大成,刊,ＭＹ－１２０１－９１,宝永２,1705,4,冊,2,Portrait,ほうえいぶかんたいせい,hōeibukantaisen,184,False
200018756,H29.12,政治・法制,御林武鑑,刊,ＭＹ－１２０１－９２,宝永２,1705,4,冊,2,Portrait,ごりんぶかん,gorinbukan,312,False
200018757,H29.12,政治・法制,宝永武鑑,刊,ＭＹ－１２０１－９３,宝永４,1707,1,冊,2,Portrait,ほうえいぶかん,hōeibukan,90,False
200018758,H29.12,政治・法制,正風武鑑,刊,ＭＹ－１２０１－９４,宝永５,1708,3,冊,2,Portrait,しょうふうぶかん,shōfūbukan,270,False
200018761,H29.12,政治・法制,正風武鑑,刊,ＭＹ－１２０１－９５,宝永５,1708,2,冊,2,Portrait,しょうふうぶかん,shōfūbukan,179,True
200018762,H29.12,政治・法制,賞延武鑑,刊,ＭＹ－１２０１－９６,正徳３,1713,3,冊,2,Portrait,しょうえんぶかん,shōenbukan,272,False
200018763,H29.12,政治・法制,正徳武鑑,刊,ＭＹ－１２０１－９７,正徳４,1714,3,冊,2,Portrait,しょうとくぶかん,shōtokubukan,275,False
200018764,H29.12,政治・法制,正徳武鑑,刊,ＭＹ－１２０１－９８,正徳５,1715,1,冊,2,Portrait,しょうとくぶかん,shōtokubukan,275,False
200018765,H29.12,政治・法制,享保武鑑,刊,ＭＹ－１２０１－９９,享保２,1717,4,冊,2,Portrait,きょうほうぶかん,kyōhōbukan,284,False
200018766,H29.12,政治・法制,享保武鑑,刊,ＭＹ－１２０１－１００,享保４,1719,1,冊,2,Portrait,きょうほうぶかん,kyōhōbukan,96,True
200018767,H29.12,政治・法制,永世武鑑,刊,ＭＹ－１２０１－１０１,享保４,1719,3,冊,2,Portrait,えいせいぶかん,eiseibukan,196,False
200018768,H29.12,政治・法制,享保武鑑,刊,ＭＹ－１２０１－１０２,享保６,1721,4,冊,2,Portrait,きょうほうぶかん,kyōhōbukan,286,False
200018769,H29.12,政治・法制,享保武鑑,刊,ＭＹ－１２０１－１０３,享保１１,1726,1,冊,2,Portrait,きょうほうぶかん,kyōhōbukan,270,False
200018770,H29.12,政治・法制,享保武鑑,刊,ＭＹ－１２０１－１０４,享保１４,1729,1,冊,2,Portrait,きょうほうぶかん,kyōhōbukan,275,False
200018771,H29.12,政治・法制,享保武鑑,刊,ＭＹ－１２０１－１０５,享保１７,1732,4,冊,2,Portrait,きょうほうぶかん,kyōhōbukan,299,False
200018772,H29.12,政治・法制,元文武鑑,刊,ＭＹ－１２０１－１０６,元文１,1736,4,冊,2,Portrait,げんぶんぶかん,genbunbukan,292,False
200018773,H29.12,政治・法制,元文武鑑,刊,ＭＹ－１２０１－１０７,元文５,1740,4,冊,2,Portrait,げんぶんぶかん,genbunbukan,286,False
200018774,H29.12,政治・法制,寛保武鑑,刊,ＭＹ－１２０１－１０８,寛保１,1741,1,冊,2,Portrait,かんぽうぶかん,kanpōbukan,284,False
200018775,H29.12,政治・法制,延享武鑑,刊,ＭＹ－１２０１－１０９,延享４,1747,4,冊,2,Portrait,えんきょうぶかん,enkyōbukan,302,False
200018776,H29.12,政治・法制,寛延武鑑,刊,ＭＹ－１２０１－１１０,寛延１,1748,2,冊,2,Portrait,かんえんぶかん,kanenbukan,195,True
200018777,H29.12,政治・法制,宝暦武鑑,刊,ＭＹ－１２０１－１１１,宝暦３,1753,4,冊,2,Portrait,ほうりゃくぶかん,hōryakubukan,315,False
200018779,H29.12,政治・法制,宝暦武鑑,刊,ＭＹ－１２０１－１１２,宝暦６,1756,1,冊,2,Portrait,ほうりゃくぶかん,hōryakubukan,281,False
200018780,H29.12,政治・法制,宝暦武鑑,刊,ＭＹ－１２０１－１１３,宝暦７,1757,1,冊,2,Portrait,ほうりゃくぶかん,hōryakubukan,279,False
200018781,H29.12,政治・法制,宝暦武鑑,刊,ＭＹ－１２０１－１１４,宝暦８,1758,1,冊,2,Portrait,ほうりゃくぶかん,hōryakubukan,281,False
200018782,H29.12,政治・法制,宝暦武鑑,刊,ＭＹ－１２０１－１１５,宝暦１１,1761,4,冊,2,Portrait,ほうりゃくぶかん,hōryakubukan,302,False
200018783,H29.12,政治・法制,大成武鑑,刊,ＭＹ－１２０１－１１６,宝暦１１,1761,1,冊,2,Portrait,たいせいぶかん,taiseibukan,81,False
200018784,H29.12,政治・法制,大成武鑑,刊,ＭＹ－１２０１－１１７,宝暦１２,1762,4,冊,2,Portrait,たいせいぶかん,taiseibukan,380,False
200018785,H29.12,政治・法制,宝暦武鑑,刊,ＭＹ－１２０１－１１８,宝暦１４,1764,1,冊,2,Portrait,ほうりゃくぶかん,hōryakubukan,399,False
200018787,H29.12,政治・法制,明和武鑑,刊,ＭＹ－１２０１－１１９,明和１,1764,1,冊,2,Portrait,めいわぶかん,meiwabukan,363,False
200018789,H29.12,政治・法制,明和武鑑,刊,ＭＹ－１２０１－１２０,明和２,1765,4,冊,2,Portrait,めいわぶかん,meiwabukan,395,False
200018791,H29.12,政治・法制,安永武鑑,刊,ＭＹ－１２０１－１２１,安永２,1773,4,冊,2,Portrait,あんえいぶかん,aneibukan,433,False
200018792,H29.12,政治・法制,安永武鑑,刊,ＭＹ－１２０１－１２２,安永２,1773,2,冊,2,Portrait,あんえいぶかん,aneibukan,281,True
200018794,H29.12,政治・法制,安永武鑑,刊,ＭＹ－１２０１－１２３,安永２～３,1773,,,2,Portrait,あんえいぶかん,aneibukan,46,True
200018795,H29.12,政治・法制,安永武鑑,刊,ＭＹ－１２０１－１２６,安永７,1778,,,2,Portrait,あんえいぶかん,aneibukan,382,False
200018796,H29.12,政治・法制,安永武鑑,刊,ＭＹ－１２０１－１２４,安永４,1775,1,冊,2,Portrait,あんえいぶかん,aneibukan,292,False
200018798,H29.12,政治・法制,安永武鑑,刊,ＭＹ－１２０１－１２５,安永６,1777,1,冊,2,Portrait,あんえいぶかん,aneibukan,51,True
200018799,H29.12,政治・法制,安永武鑑,刊,ＭＹ－１２０１－１２７,安永８,1779,1,冊,2,Portrait,あんえいぶかん,aneibukan,435,False
200018800,H29.12,政治・法制,安永武鑑,刊,ＭＹ－１２０１－１２８,安永９,1780,1,冊,2,Portrait,あんえいぶかん,aneibukan,109,False
200018801,H29.12,政治・法制,安永武鑑,刊,ＭＹ－１２０１－１２９,安永１０,1781,4,冊,2,Portrait,あんえいぶかん,aneibukan,434,False
200018803,H29.12,政治・法制,天明武鑑,刊,ＭＹ－１２０１－１３０,天明１,1781,1,冊,2,Portrait,てんめいぶかん,tenmeibukan,447,False
200018804,H29.12,政治・法制,天明武鑑,刊,ＭＹ－１２０１－１３１,天明２,1782,3,冊,2,Portrait,てんめいぶかん,tenmeibukan,399,False
200018809,H29.12,政治・法制,大成武鑑,刊,ＭＹ－１２０１－１３２,天明２,1782,4,冊,2,Portrait,たいせいぶかん,taiseibukan,475,False
200018810,H29.12,政治・法制,天明武鑑,刊,ＭＹ－１２０１－１３３,天明３,1783,1,冊,2,Portrait,てんめいぶかん,tenmeibukan,451,False
200018813,H29.12,政治・法制,天明武鑑,刊,ＭＹ－１２０１－１３４,天明３,1783,,,2,Portrait,てんめいぶかん,tenmeibukan,51,True
200018814,H29.12,政治・法制,天明武鑑,刊,ＭＹ－１２０１－１３８,天明８,1788,,,2,Portrait,てんめいぶかん,tenmeibukan,411,False
200018817,H29.12,政治・法制,天明武鑑,刊,ＭＹ－１２０１－１３５,天明５,1785,1,冊,2,Portrait,てんめいぶかん,tenmeibukan,463,False
200018820,H29.12,政治・法制,大成武鑑,刊,ＭＹ－１２０１－１３６,天明５,1785,4,冊,2,Portrait,たいせいぶかん,taiseibukan,478,False
200018822,H29.12,政治・法制,天明武鑑,刊,ＭＹ－１２０１－１３７,天明７,1787,1,冊,2,Portrait,てんめいぶかん,tenmeibukan,435,False
200018823,H27.11,政治・法制,寛政武鑑,刊,ＭＹ－１２０１－１３９,寛政1,1789,4,冊,2,Portrait,かんせいぶかん,kanseibukan,455,False
200018825,H27.11,政治・法制,寛政武鑑,刊,ＭＹ－１２０１－１４０,寛政3,1791,1,冊,2,Portrait,かんせいぶかん,kanseibukan,452,False
200018827,H29.12,政治・法制,寛政武鑑,刊,ＭＹ－１２０１－１４１,寛政５,1793,1,冊,2,Portrait,かんせいぶかん,kanseibukan,388,False
200018828,H29.12,政治・法制,寛政武鑑,刊,ＭＹ－１２０１－１４２,寛政７,1795,1,冊,2,Portrait,かんせいぶかん,kanseibukan,452,False
200018830,H27.11,政治・法制,寛政武鑑,刊,ＭＹ－１２０１－１４３,寛政8,1796,1,冊,2,Portrait,かんせいぶかん,kanseibukan,446,False
200018831,H27.11,政治・法制,寛政武鑑,刊,ＭＹ－１２０１－１４４,寛政9,1797,1,冊,2,Portrait,かんせいぶかん,kanseibukan,460,False
200018833,H27.11,政治・法制,寛政武鑑,刊,ＭＹ－１２０１－１４５,寛政10,1798,1,冊,2,Portrait,かんせいぶかん,kanseibukan,465,False
200018835,H27.11,政治・法制,寛政武鑑,刊,ＭＹ－１２０１－１４６,寛政11,1799,1,冊,2,Portrait,かんせいぶかん,kanseibukan,464,False
200018837,H29.12,政治・法制,享和武鑑,刊,ＭＹ－１２０１－１４７,享和１,1801,4,冊,2,Portrait,きょうわぶかん,kyōwabukan,473,False
200018838,H29.12,政治・法制,享和武鑑,刊,ＭＹ－１２０１－１４８,享和３,1803,1,冊,2,Portrait,きょうわぶかん,kyōwabukan,455,False
200018839,H27.11,政治・法制,享和武鑑,刊,ＭＹ－１２０１－１４９,享和4,1804,1,冊,2,Portrait,きょうわぶかん,kyōwabukan,463,False
200018840,H29.12,政治・法制,文化武鑑,刊,ＭＹ－１２０１－１５０,文化１,1804,4,冊,2,Portrait,ぶんかぶかん,bunkabukan,463,False
200018841,H27.11,政治・法制,文化武鑑,刊,ＭＹ－１２０１－１５１,文化2,1805,1,冊,2,Portrait,ぶんかぶかん,bunkabukan,466,False
200018842,H29.12,政治・法制,文化武鑑,刊,ＭＹ－１２０１－１５２,文化３,1806,4,冊,2,Portrait,ぶんかぶかん,bunkabukan,464,False
200018847,H29.12,政治・法制,文化武鑑,刊,ＭＹ－１２０１－１５３,文化４,1807,4,冊,2,Portrait,ぶんかぶかん,bunkabukan,463,False
200018853,H29.12,政治・法制,文化武鑑,刊,ＭＹ－１２０１－１５５,文化５,1808,3,冊,2,Portrait,ぶんかぶかん,bunkabukan,308,False
200018859,H29.12,政治・法制,文化武鑑,刊,ＭＹ－１２０１－１５６,文化６,1809,4,冊,2,Portrait,ぶんかぶかん,bunkabukan,468,False
200018861,H29.12,政治・法制,文化武鑑,刊,ＭＹ－１２０１－１５７,文化７,1810,1,冊,2,Portrait,ぶんかぶかん,bunkabukan,471,False
200018864,H29.12,政治・法制,文化武鑑,刊,ＭＹ－１２０１－１５８,文化８,1811,1,冊,2,Portrait,ぶんかぶかん,bunkabukan,470,False
200018866,H29.12,政治・法制,文化武鑑,刊,ＭＹ－１２０１－１５９,文化９,1812,1,冊,2,Portrait,ぶんかぶかん,bunkabukan,474,False
200018869,H29.12,政治・法制,文化武鑑,刊,ＭＹ－１２０１－１６０,文化１０,1813,1,冊,2,Portrait,ぶんかぶかん,bunkabukan,474,False
200018871,H29.12,政治・法制,文化武鑑,刊,ＭＹ－１２０１－１６１,文化１１,1814,1,冊,2,Portrait,ぶんかぶかん,bunkabukan,475,False
200018872,H29.12,政治・法制,文化武鑑,刊,ＭＹ－１２０１－１６２,文化１２,1815,1,冊,2,Portrait,ぶんかぶかん,bunkabukan,473,False
200018873,H29.12,政治・法制,文化武鑑,刊,ＭＹ－１２０１－１６３,文化１３,1816,1,冊,2,Portrait,ぶんかぶかん,bunkabukan,474,False
200018876,H29.12,政治・法制,文化武鑑,刊,ＭＹ－１２０１－１６４,文化１４,1817,1,冊,2,Portrait,ぶんかぶかん,bunkabukan,487,False
200018878,H29.12,政治・法制,文化武鑑,刊,ＭＹ－１２０１－１６５,文化１５,1818,1,冊,2,Portrait,ぶんかぶかん,bunkabukan,483,False
200018881,H29.12,政治・法制,文政武鑑,刊,ＭＹ－１２０１－１６６,文政２,1819,1,冊,2,Portrait,ぶんせいぶかん,bunseibukan,483,False
200018884,H29.12,政治・法制,文政武鑑,刊,ＭＹ－１２０１－１６７,文政３,1820,4,冊,2,Portrait,ぶんせいぶかん,bunseibukan,483,False
200018887,H29.12,政治・法制,文政武鑑,刊,ＭＹ－１２０１－１６８,文政４,1821,1,冊,2,Portrait,ぶんせいぶかん,bunseibukan,488,False
200018888,H29.12,政治・法制,文政武鑑,刊,ＭＹ－１２０１－１６９,文政５,1822,1,冊,2,Portrait,ぶんせいぶかん,bunseibukan,489,False
200018891,H29.12,政治・法制,文政武鑑,刊,ＭＹ－１２０１－１７０,文政６,1823,1,冊,2,Portrait,ぶんせいぶかん,bunseibukan,494,False
200018895,H29.12,政治・法制,文政武鑑,刊,ＭＹ－１２０１－１７１,文政７,1824,1,冊,2,Portrait,ぶんせいぶかん,bunseibukan,494,False
200018896,H29.12,政治・法制,文政武鑑,刊,ＭＹ－１２０１－１７２,文政８,1825,1,冊,2,Portrait,ぶんせいぶかん,bunseibukan,489,False
200018903,H29.12,政治・法制,文政武鑑,刊,ＭＹ－１２０１－１７３,文政９,1826,4,冊,2,Portrait,ぶんせいぶかん,bunseibukan,509,False
200018905,H29.12,政治・法制,文政武鑑,刊,ＭＹ－１２０１－１７４,文政９,1826,1,冊,2,Portrait,ぶんせいぶかん,bunseibukan,178,True
200018906,H29.12,政治・法制,文政武鑑,刊,ＭＹ－１２０１－１７５,文政１０,1827,1,冊,2,Portrait,ぶんせいぶかん,bunseibukan,512,False
200018907,H29.12,政治・法制,文政武鑑,刊,ＭＹ－１２０１－１７６,文政１１,1828,1,冊,2,Portrait,ぶんせいぶかん,bunseibukan,518,False
200018908,H29.12,政治・法制,文政武鑑,刊,ＭＹ－１２０１－１７７,文政１２,1829,3,冊,2,Portrait,ぶんせいぶかん,bunseibukan,334,False
200018909,H29.12,政治・法制,文政武鑑,刊,ＭＹ－１２０１－１７８,文政１３,1830,1,冊,2,Portrait,ぶんせいぶかん,bunseibukan,524,False
200018914,H29.12,政治・法制,天保武鑑,刊,ＭＹ－１２０１－１７９,天保２,1831,1,冊,2,Portrait,てんぽうぶかん,tenpōbukan,527,False
200018915,H29.12,政治・法制,天保武鑑,刊,ＭＹ－１２０１－１８０,天保３,1832,1,冊,2,Portrait,てんぽうぶかん,tenpōbukan,525,False
200018917,H29.12,政治・法制,天保武鑑,刊,ＭＹ－１２０１－１８１,天保３,1832,4,冊,2,Portrait,てんぽうぶかん,tenpōbukan,524,False
200018921,H29.12,政治・法制,天保武鑑,刊,ＭＹ－１２０１－１８２,天保４,1833,4,冊,2,Portrait,てんぽうぶかん,tenpōbukan,523,False
200018923,H29.12,政治・法制,天保武鑑,刊,ＭＹ－１２０１－１８３,天保５,1834,1,冊,2,Portrait,てんぽうぶかん,tenpōbukan,525,False
200018925,H29.12,政治・法制,天保武鑑,刊,ＭＹ－１２０１－１８４,天保６,1835,4,冊,2,Portrait,てんぽうぶかん,tenpōbukan,524,False
200018930,H29.12,政治・法制,大成武鑑,刊,ＭＹ－１２０１－１８５,天保７,1836,4,冊,2,Portrait,たいせいぶかん,taiseibukan,607,False
200018931,H29.12,政治・法制,天保武鑑,刊,ＭＹ－１２０１－１８６,天保８,1837,1,冊,2,Portrait,てんぽうぶかん,tenpōbukan,534,False
200018933,H29.12,政治・法制,天保武鑑,刊,ＭＹ－１２０１－１８７,天保９,1838,1,冊,2,Portrait,てんぽうぶかん,tenpōbukan,542,False
200018934,H29.12,政治・法制,天保武鑑,刊,ＭＹ－１２０１－１８８,天保１０,1839,1,冊,2,Portrait,てんぽうぶかん,tenpōbukan,546,False
200018936,H29.12,政治・法制,天保武鑑,刊,ＭＹ－１２０１－１８９,天保１２,1841,1,冊,2,Portrait,てんぽうぶかん,tenpōbukan,548,False
200018937,H29.12,政治・法制,天保武鑑,刊,ＭＹ－１２０１－１９０,天保１２,1841,2,冊,2,Portrait,てんぽうぶかん,tenpōbukan,326,False
200018938,H29.12,政治・法制,天保武鑑,刊,ＭＹ－１２０１－１９１,天保１２,1841,2,冊,2,Portrait,てんぽうぶかん,tenpōbukan,228,True
200018940,H29.12,政治・法制,天保武鑑,刊,ＭＹ－１２０１－１９２,天保１３,1842,1,冊,2,Portrait,てんぽうぶかん,tenpōbukan,550,False
200018941,H29.12,政治・法制,天保武鑑,刊,ＭＹ－１２０１－１９３,天保１４,1843,1,冊,2,Portrait,てんぽうぶかん,tenpōbukan,553,False
200018942,H29.12,政治・法制,天保武鑑,刊,ＭＹ－１２０１－１９４,天保１５,1844,4,冊,2,Portrait,てんぽうぶかん,tenpōbukan,548,False
200018959,H29.12,政治・法制,弘化武鑑,刊,ＭＹ－１２０１－１９５,弘化２,1845,1,冊,2,Portrait,こうかぶかん,kōkabukan,547,False
200018961,H29.12,政治・法制,弘化武鑑,刊,ＭＹ－１２０１－１９６,弘化３,1846,4,冊,2,Portrait,こうかぶかん,kōkabukan,548,False
200018966,H29.12,政治・法制,弘化武鑑,刊,ＭＹ－１２０１－１９７,弘化４,1847,4,冊,2,Portrait,こうかぶかん,kōkabukan,545,False
200018967,H29.12,政治・法制,大成武鑑,刊,ＭＹ－１２０１－１９８,弘化５,1848,1,冊,2,Portrait,たいせいぶかん,taiseibukan,618,False
200018969,H29.12,政治・法制,大成武鑑,刊,ＭＹ－１２０１－１９９,嘉永２,1849,1,冊,2,Portrait,たいせいぶかん,taiseibukan,620,False
200018981,H29.12,政治・法制,嘉永武鑑,刊,ＭＹ－１２０１－２００,嘉永３,1850,4,冊,2,Portrait,かえいぶかん,kaeibukan,548,False
200018982,H29.12,政治・法制,大成武鑑,刊,ＭＹ－１２０１－２０１,嘉永３,1850,1,冊,2,Portrait,たいせいぶかん,taiseibukan,623,False
200018983,H29.12,政治・法制,大成武鑑,刊,ＭＹ－１２０１－２０２,嘉永４,1851,1,冊,2,Portrait,たいせいぶかん,taiseibukan,643,False
200018984,H29.12,政治・法制,大成武鑑,刊,ＭＹ－１２０１－２０３,嘉永５,1852,1,冊,2,Portrait,たいせいぶかん,taiseibukan,648,False
200018993,H29.12,政治・法制,大成武鑑,刊,ＭＹ－１２０１－２０４,嘉永６,1853,1,冊,2,Portrait,たいせいぶかん,taiseibukan,651,False
200019270,H29.12,政治・法制,大成武鑑,刊,９６－２３０－１～４,天保９,1838,4,冊,2,Portrait,たいせいぶかん,taiseibukan,616,False
200019336,H29.12,政治・法制,大成武鑑,刊,ＭＹ－１２０１－２０５,嘉永７,1854,1,冊,2,Portrait,たいせいぶかん,taiseibukan,647,False
200019340,H29.12,政治・法制,安政武鑑,刊,ＭＹ－１２０１－２０６,安政２,1855,1,冊,2,Portrait,あんせいぶかん,anseibukan,553,False
200019345,H29.12,政治・法制,安政武鑑,刊,ＭＹ－１２０１－２０７,安政３,1856,4,冊,2,Portrait,あんせいぶかん,anseibukan,551,False
200019347,H29.12,政治・法制,大成武鑑,刊,ＭＹ－１２０１－２０８,安政４,1857,1,冊,2,Portrait,たいせいぶかん,taiseibukan,645,False
200019348,H29.12,政治・法制,安政武鑑,刊,ＭＹ－１２０１－２０９,安政５,1858,1,冊,2,Portrait,あんせいぶかん,anseibukan,563,False
200019349,H29.12,政治・法制,大成武鑑,刊,ＭＹ－１２０１－２１０,安政６,1859,1,冊,2,Portrait,たいせいぶかん,taiseibukan,645,False
200019353,H29.12,政治・法制,大成武鑑,刊,ＭＹ－１２０１－２１１,万延１,1860,1,冊,2,Portrait,たいせいぶかん,taiseibukan,644,False
200019354,H29.12,政治・法制,文久武鑑,刊,ＭＹ－１２０１－２１２,文久１,1861,5,冊,2,Portrait,ぶんきゅうぶかん,bunkyūbukan,573,False
200019356,H29.12,政治・法制,大成武鑑,刊,ＭＹ－１２０１－２１３,文久２,1862,1,冊,2,Portrait,たいせいぶかん,taiseibukan,649,False
200019358,H29.12,政治・法制,大成武鑑,刊,ＭＹ－１２０１－２１４,文久３,1863,5,冊,2,Portrait,たいせいぶかん,taiseibukan,648,False
200019369,H29.12,政治・法制,文久武鑑,刊,ＭＹ－１２０１－２１５,文久４,1864,5,冊,2,Portrait,ぶんきゅうぶかん,bunkyūbukan,579,False
200019370,H29.12,政治・法制,大成武鑑,刊,ＭＹ－１２０１－２１６,元治２,1865,5,冊,2,Portrait,たいせいぶかん,taiseibukan,666,False
200019371,H29.12,政治・法制,大成武鑑,刊,ＭＹ－１２０１－２１７,慶応１,1865,1,冊,2,Portrait,たいせいぶかん,taiseibukan,663,False
200019373,H29.12,政治・法制,大成武鑑,刊,ＭＹ－１２０１－２１８,慶応２,1866,1,冊,2,Portrait,たいせいぶかん,taiseibukan,665,False
200019375,H29.12,政治・法制,大成武鑑,刊,ＭＹ－１２０１－２１９,慶応２,1866,4,冊,2,Portrait,たいせいぶかん,taiseibukan,454,False
200019387,H29.12,政治・法制,大成武鑑,刊,ＭＹ－１２０１－２２０,慶応３,1867,5,冊,2,Portrait,たいせいぶかん,taiseibukan,650,False
200019388,H29.12,政治・法制,大成武鑑,刊,ＭＹ－１２０１－２２１,慶応３,1867,1,冊,2,Portrait,たいせいぶかん,taiseibukan,222,True
200019391,H29.12,政治・法制,有司武鑑,刊,ＭＹ－１２０１－２２２,寛延１,1748,1,冊,2,Landscape,ゆうしぶかん,yūshibukan,27,False
200019394,H29.12,政治・法制,有司武鑑,刊,ＭＹ－１２０１－２２３,宝暦２,1752,1,冊,2,Landscape,ゆうしぶかん,yūshibukan,35,False
200019396,H29.12,政治・法制,太平略武鑑,刊,ＭＹ－１２０１－２２４,宝暦１４,1764,1,冊,2,Landscape,たいへいりゃくぶかん,taiheiryakubukan,21,False
200019397,H29.12,政治・法制,袖玉武鑑,刊,ＭＹ－１２０１－２２５,宝暦１４,1764,1,冊,1,Landscape,しゅうぎょくぶかん,shūgyokubukan,118,False
200019399,H29.12,政治・法制,袖珍武鑑,刊,ＭＹ－１２０１－２２６,安永７,1778,1,冊,1,Landscape,しゅうちんぶかん,shūchinbukan,146,False
200019400,H29.12,政治・法制,袖玉武鑑,刊,ＭＹ－１２０１－２２７,天明８,1788,1,冊,1,Landscape,しゅうぎょくぶかん,shūgyokubukan,128,False
200019401,H29.12,政治・法制,袖玉武鑑,刊,ＭＹ－１２０１－２２８,天明９,1789,1,冊,1,Landscape,しゅうぎょくぶかん,shūgyokubukan,134,False
200019404,H29.12,政治・法制,万寿武鑑,刊,ＭＹ－１２０１－２２９,寛政４,1792,1,冊,1,Landscape,まんじゅぶかん,manjubukan,94,False
200019406,H29.12,政治・法制,袖玉武鑑,刊,ＭＹ－１２０１－２３０,寛政１０,1798,1,冊,1,Landscape,しゅうぎょくぶかん,shūgyokubukan,150,False
200019408,H29.12,政治・法制,袖玉武鑑,刊,ＭＹ－１２０１－２３１,文化３,1806,1,冊,1,Landscape,しゅうぎょくぶかん,shūgyokubukan,142,False
200019409,H29.12,政治・法制,袖玉武鑑,刊,ＭＹ－１２０１－２３２,文化３,1806,1,冊,1,Landscape,しゅうぎょくぶかん,shūgyokubukan,142,False
200019410,H29.12,政治・法制,袖玉武鑑,刊,ＭＹ－１２０１－２３３,文化４,1807,1,冊,1,Landscape,しゅうぎょくぶかん,shūgyokubukan,140,False
200019411,H29.12,政治・法制,袖玉武鑑,刊,ＭＹ－１２０１－２３４,文化４,1807,1,冊,1,Landscape,しゅうぎょくぶかん,shūgyokubukan,142,False
200019412,H29.12,政治・法制,袖玉武鑑,刊,ＭＹ－１２０１－２３５,文化５,1808,1,冊,1,Landscape,しゅうぎょくぶかん,shūgyokubukan,140,False
200019413,H29.12,政治・法制,袖珍武鑑,刊,ＭＹ－１２０１－２３６,文化６,1809,1,冊,1,Landscape,しゅうちんぶかん,shūchinbukan,146,False
200019414,H29.12,政治・法制,袖玉武鑑,刊,ＭＹ－１２０１－２３７,文化７,1810,1,冊,1,Landscape,しゅうぎょくぶかん,shūgyokubukan,142,False
200019415,H29.12,政治・法制,袖玉武鑑,刊,ＭＹ－１２０１－２３８,文化９,1812,1,冊,1,Landscape,しゅうぎょくぶかん,shūgyokubukan,146,False
200019416,H29.12,政治・法制,袖玉武鑑,刊,ＭＹ－１２０１－２３９,文化９,1812,1,冊,1,Landscape,しゅうぎょくぶかん,shūgyokubukan,146,False
200019417,H29.12,政治・法制,袖玉武鑑,刊,ＭＹ－１２０１－２４０,文化１１,1814,1,冊,1,Landscape,しゅうぎょくぶかん,shūgyokubukan,156,False
200019418,H29.12,政治・法制,懐宝略武鑑,刊,ＭＹ－１２０１－２４１,文政６,1823,1,冊,1,Landscape,かいほうりゃくぶかん,kaihōryakubukan,22,False
200019419,H29.12,政治・法制,袖珍武鑑,刊,ＭＹ－１２０１－２４２,文政７,1824,1,冊,1,Landscape,しゅうちんぶかん,shūchinbukan,146,False
200019420,H29.12,政治・法制,袖玉武鑑,刊,ＭＹ－１２０１－２４３,文政１２,1829,1,冊,1,Landscape,しゅうぎょくぶかん,shūgyokubukan,155,False
200019421,H29.12,政治・法制,有司武鑑,刊,ＭＹ－１２０１－２４４,文政１３,1830,1,冊,1,Landscape,ゆうしぶかん,yūshibukan,176,False
200019422,H29.12,政治・法制,袖玉武鑑,刊,ＭＹ－１２０１－２４５,天保７,1836,1,冊,1,Landscape,しゅうぎょくぶかん,shūgyokubukan,160,False
200019423,H29.12,政治・法制,袖珍武鑑,刊,ＭＹ－１２０１－２４６,天保８,1837,1,冊,1,Landscape,しゅうちんぶかん,shūchinbukan,146,False
200019424,H29.12,政治・法制,袖玉武鑑,刊,ＭＹ－１２０１－２４７,天保８,1837,1,冊,1,Landscape,しゅうぎょくぶかん,shūgyokubukan,162,False
200019425,H29.12,政治・法制,袖玉武鑑,刊,ＭＹ－１２０１－２４８,天保９,1838,1,冊,1,Landscape,しゅうぎょくぶかん,shūgyokubukan,158,False
200019428,H29.12,政治・法制,有司武鑑,刊,ＭＹ－１２０１－２５０,天保９,1838,1,冊,1,Landscape,ゆうしぶかん,yūshibukan,170,False
200019429,H29.12,政治・法制,袖珍武鑑,刊,ＭＹ－１２０１－２５１,天保１１,1840,1,冊,1,Landscape,しゅうちんぶかん,shūchinbukan,144,False
200019430,H29.12,政治・法制,袖珍武鑑,刊,ＭＹ－１２０１－２５２,天保１２,1841,1,冊,1,Landscape,しゅうちんぶかん,shūchinbukan,146,False
200019431,H29.12,政治・法制,袖玉武鑑,刊,ＭＹ－１２０１－２５３,天保１２,1841,1,冊,1,Landscape,しゅうぎょくぶかん,shūgyokubukan,168,False
200019432,H29.12,政治・法制,袖玉武鑑,刊,ＭＹ－１２０１－２５４,天保１２,1841,1,冊,1,Landscape,しゅうぎょくぶかん,shūgyokubukan,166,False
200019434,H29.12,政治・法制,袖玉武鑑,刊,ＭＹ－１２０１－２５５,天保１３,1842,1,冊,1,Landscape,しゅうぎょくぶかん,shūgyokubukan,178,False
200019438,H29.12,政治・法制,袖玉武鑑,刊,ＭＹ－１２０１－２５６,天保１５,1844,1,冊,1,Landscape,しゅうぎょくぶかん,shūgyokubukan,164,False
200019439,H29.12,政治・法制,有司武鑑,刊,ＭＹ－１２０１－２５７,天保１５,1844,1,冊,1,Landscape,ゆうしぶかん,yūshibukan,198,False
200019441,H29.12,政治・法制,万世武鑑,刊,ＭＹ－１２０１－２５９,弘化３,1846,1,冊,1,Landscape,ばんせいぶかん,banseibukan,92,False
200019442,H29.12,政治・法制,袖玉武鑑,刊,ＭＹ－１２０１－２６０,弘化４,1847,1,冊,1,Landscape,しゅうぎょくぶかん,shūgyokubukan,164,False
200019443,H29.12,政治・法制,有司武鑑,刊,ＭＹ－１２０１－２６１,弘化４,1847,1,冊,1,Landscape,ゆうしぶかん,yūshibukan,188,False
200019444,H29.12,政治・法制,有司武鑑,刊,ＭＹ－１２０１－２６２,嘉永２,1849,1,冊,1,Landscape,ゆうしぶかん,yūshibukan,194,False
200019445,H29.12,政治・法制,袖玉武鑑,刊,ＭＹ－１２０１－２６３,嘉永３,1850,1,冊,1,Landscape,しゅうぎょくぶかん,shūgyokubukan,164,False
200019446,H29.12,政治・法制,有司武鑑,刊,ＭＹ－１２０１－２６４,嘉永３,1850,1,冊,1,Landscape,ゆうしぶかん,yūshibukan,188,False
200019448,H29.12,政治・法制,有司武鑑,刊,ＭＹ－１２０１－２６５,嘉永３,1850,1,冊,1,Landscape,ゆうしぶかん,yūshibukan,188,False
200019451,H29.12,政治・法制,袖珍武鑑,刊,ＭＹ－１２０１－２６６,嘉永４,1851,1,冊,1,Landscape,しゅうちんぶかん,shūchinbukan,146,False
200019452,H29.12,政治・法制,袖玉武鑑,刊,ＭＹ－１２０１－２６７,嘉永５,1852,1,冊,1,Landscape,しゅうぎょくぶかん,shūgyokubukan,166,False
200019453,H29.12,政治・法制,万世武鑑,刊,ＭＹ－１２０１－２６８,嘉永５,1852,1,冊,1,Landscape,ばんせいぶかん,banseibukan,176,False
200019455,H29.12,政治・法制,袖玉武鑑,刊,ＭＹ－１２０１－２６９,嘉永７,1854,1,冊,1,Landscape,しゅうぎょくぶかん,shūgyokubukan,166,False
200019456,H29.12,政治・法制,有司武鑑,刊,ＭＹ－１２０１－２７０,安政２,1855,1,冊,1,Landscape,ゆうしぶかん,yūshibukan,180,False
200019458,H29.12,政治・法制,袖玉武鑑,刊,ＭＹ－１２０１－２７２,安政３,1856,1,冊,1,Landscape,しゅうぎょくぶかん,shūgyokubukan,166,False
200019459,H29.12,政治・法制,有司武鑑,刊,ＭＹ－１２０１－２７３,安政３,1856,1,冊,1,Landscape,ゆうしぶかん,yūshibukan,180,False
200019461,H29.12,政治・法制,袖珍武鑑,刊,ＭＹ－１２０１－２７４,安政４,1857,1,冊,1,Landscape,しゅうちんぶかん,shūchinbukan,152,False
200019462,H29.12,政治・法制,袖玉武鑑,刊,ＭＹ－１２０１－２７５,安政４,1857,1,冊,1,Landscape,しゅうぎょくぶかん,shūgyokubukan,166,False
200019464,H29.12,政治・法制,袖珍武鑑,刊,ＭＹ－１２０１－２７６,安政５,1858,1,冊,1,Landscape,しゅうちんぶかん,shūchinbukan,154,False
200019465,H29.12,政治・法制,袖玉武鑑,刊,ＭＹ－１２０１－２７７,安政５,1858,1,冊,1,Landscape,しゅうぎょくぶかん,shūgyokubukan,174,False
200019472,H29.12,政治・法制,袖玉武鑑,刊,ＭＹ－１２０１－２７８,安政５,1858,1,冊,1,Landscape,しゅうぎょくぶかん,shūgyokubukan,166,False
200019473,H29.12,政治・法制,袖玉武鑑,刊,ＭＹ－１２０１－２７８,安政５,1858,1,冊,1,Landscape,しゅうぎょくぶかん,shūgyokubukan,172,False
200019474,H29.12,政治・法制,袖玉武鑑,刊,ＭＹ－１２０１－２７８,安政５,1858,1,冊,1,Landscape,しゅうぎょくぶかん,shūgyokubukan,174,False
200019475,H29.12,政治・法制,袖玉武鑑,刊,ＭＹ－１２０１－２７８,安政５,1858,1,冊,1,Landscape,しゅうぎょくぶかん,shūgyokubukan,174,False
200019476,H29.12,政治・法制,袖玉武鑑,刊,ＭＹ－１２０１－２７８,安政５,1858,1,冊,1,Landscape,しゅうぎょくぶかん,shūgyokubukan,166,False
200019477,H29.12,政治・法制,袖玉武鑑,刊,ＭＹ－１２０１－２７９,安政５,1858,1,冊,1,Landscape,しゅうぎょくぶかん,shūgyokubukan,166,False
200019478,H29.12,政治・法制,袖玉武鑑,刊,ＭＹ－１２０１－２８０,安政５,1858,1,冊,1,Landscape,しゅうぎょくぶかん,shūgyokubukan,164,False
200019479,H29.12,政治・法制,懐宝略武鑑,刊,ＭＹ－１２０１－２８１,安政５,1858,1,冊,1,Landscape,かいほうりゃくぶかん,kaihōryakubukan,22,False
200019480,H29.12,政治・法制,有司武鑑,刊,ＭＹ－１２０１－２８２,安政５,1858,1,冊,1,Landscape,ゆうしぶかん,yūshibukan,186,False
200019481,H29.12,政治・法制,袖玉武鑑,刊,ＭＹ－１２０１－２８３,安政６,1859,1,冊,1,Landscape,しゅうぎょくぶかん,shūgyokubukan,172,False
200019483,H29.12,政治・法制,袖玉武鑑,刊,ＭＹ－１２０１－２８４,安政７,1860,1,冊,1,Landscape,しゅうぎょくぶかん,shūgyokubukan,170,False
200019484,H29.12,政治・法制,袖玉武鑑,刊,ＭＹ－１２０１－２８４,安政７,1860,1,冊,1,Landscape,しゅうぎょくぶかん,shūgyokubukan,170,False
200019485,H29.12,政治・法制,袖玉武鑑,刊,ＭＹ－１２０１－２８４,万延１,1860,1,冊,1,Landscape,しゅうぎょくぶかん,shūgyokubukan,172,False
200019486,H29.12,政治・法制,袖玉武鑑,刊,ＭＹ－１２０１－２８５,万延１,1860,1,冊,1,Landscape,しゅうぎょくぶかん,shūgyokubukan,170,False
200019488,H29.12,政治・法制,袖玉武鑑,刊,ＭＹ－１２０１－２８６,万延２,1861,1,冊,1,Landscape,しゅうぎょくぶかん,shūgyokubukan,172,False
200019489,H29.12,政治・法制,袖玉武鑑,刊,ＭＹ－１２０１－２８６,万延２,1861,1,冊,1,Landscape,しゅうぎょくぶかん,shūgyokubukan,172,False
200019490,H29.12,政治・法制,袖玉武鑑,刊,ＭＹ－１２０１－２８６,文久１,1861,1,冊,1,Landscape,しゅうぎょくぶかん,shūgyokubukan,172,False
200019491,H29.12,政治・法制,袖玉武鑑,刊,ＭＹ－１２０１－２８６,文久１,1861,1,冊,1,Landscape,しゅうぎょくぶかん,shūgyokubukan,170,False
200019492,H29.12,政治・法制,袖玉武鑑,刊,ＭＹ－１２０１－２８６,文久１,1861,1,冊,1,Landscape,しゅうぎょくぶかん,shūgyokubukan,170,False
200019493,H29.12,政治・法制,袖玉武鑑,刊,ＭＹ－１２０１－２８６,文久１,1861,1,冊,1,Landscape,しゅうぎょくぶかん,shūgyokubukan,170,False
200019494,H29.12,政治・法制,袖玉武鑑,刊,ＭＹ－１２０１－２８６,文久１,1861,1,冊,1,Landscape,しゅうぎょくぶかん,shūgyokubukan,176,False
200019495,H29.12,政治・法制,袖玉武鑑,刊,ＭＹ－１２０１－２８６,文久１,1861,1,冊,1,Landscape,しゅうぎょくぶかん,shūgyokubukan,178,False
200019497,H29.12,政治・法制,袖玉武鑑,刊,ＭＹ－１２０１－２８７,文久１,1861,1,冊,1,Landscape,しゅうぎょくぶかん,shūgyokubukan,178,False
200019499,H29.12,政治・法制,袖玉武鑑,刊,ＭＹ－１２０１－２８７,文久１,1861,1,冊,1,Landscape,しゅうぎょくぶかん,shūgyokubukan,178,False
200019500,H29.12,政治・法制,袖玉武鑑,刊,ＭＹ－１２０１－２８７,文久１,1861,1,冊,1,Landscape,しゅうぎょくぶかん,shūgyokubukan,178,False
200019501,H29.12,政治・法制,有司武鑑,刊,ＭＹ－１２０１－２８８,文久１,1861,1,冊,1,Landscape,ゆうしぶかん,yūshibukan,184,False
200019503,H29.12,政治・法制,袖玉武鑑,刊,ＭＹ－１２０１－２８９,文久２,1862,1,冊,1,Landscape,しゅうぎょくぶかん,shūgyokubukan,180,False
200019504,H29.12,政治・法制,袖玉武鑑,刊,ＭＹ－１２０１－２８９,文久２,1862,1,冊,1,Landscape,しゅうぎょくぶかん,shūgyokubukan,184,False
200019505,H29.12,政治・法制,袖玉武鑑,刊,ＭＹ－１２０１－２８９,文久２,1862,1,冊,1,Landscape,しゅうぎょくぶかん,shūgyokubukan,184,False
200019506,H29.12,政治・法制,袖玉武鑑,刊,ＭＹ－１２０１－２８９,文久２,1862,1,冊,1,Landscape,しゅうぎょくぶかん,shūgyokubukan,184,False
200019508,H29.12,政治・法制,袖玉武鑑,刊,ＭＹ－１２０１－２９０,文久２,1862,1,冊,1,Landscape,しゅうぎょくぶかん,shūgyokubukan,184,False
200019509,H29.12,政治・法制,袖珍武鑑,刊,ＭＹ－１２０１－２９１,文久３,1863,1,冊,1,Landscape,しゅうちんぶかん,shūchinbukan,152,False
200019512,H29.12,政治・法制,袖玉武鑑,刊,ＭＹ－１２０１－２９２,文久３,1863,1,冊,1,Landscape,しゅうぎょくぶかん,shūgyokubukan,176,False
200019513,H29.12,政治・法制,袖玉武鑑,刊,ＭＹ－１２０１－２９２,文久３,1863,1,冊,1,Landscape,しゅうぎょくぶかん,shūgyokubukan,176,False
200019514,H29.12,政治・法制,袖玉武鑑,刊,ＭＹ－１２０１－２９２,文久３,1863,1,冊,1,Landscape,しゅうぎょくぶかん,shūgyokubukan,179,False
200019515,H29.12,政治・法制,袖玉武鑑,刊,ＭＹ－１２０１－２９２,文久３,1863,1,冊,1,Landscape,しゅうぎょくぶかん,shūgyokubukan,180,False
200019516,H29.12,政治・法制,袖玉武鑑,刊,ＭＹ－１２０１－２９２,文久３,1863,1,冊,1,Landscape,しゅうぎょくぶかん,shūgyokubukan,180,False
200019517,H29.12,政治・法制,袖玉武鑑,刊,ＭＹ－１２０１－２９２,文久３,1863,1,冊,1,Landscape,しゅうぎょくぶかん,shūgyokubukan,180,False
200019519,H29.12,政治・法制,袖玉武鑑,刊,ＭＹ－１２０１－２９２,文久３,1863,1,冊,1,Landscape,しゅうぎょくぶかん,shūgyokubukan,182,False
200019520,H29.12,政治・法制,袖玉武鑑,刊,ＭＹ－１２０１－２９２,文久３,1863,1,冊,1,Landscape,しゅうぎょくぶかん,shūgyokubukan,182,False
200019521,H29.12,政治・法制,袖玉武鑑,刊,ＭＹ－１２０１－２９３,文久３,1863,1,冊,1,Landscape,しゅうぎょくぶかん,shūgyokubukan,178,False
200019525,H29.12,政治・法制,袖珍武鑑,刊,ＭＹ－１２０１－２９４,文久４,1864,1,冊,1,Landscape,しゅうちんぶかん,shūchinbukan,154,False
200019526,H29.12,政治・法制,袖玉武鑑,刊,ＭＹ－１２０１－２９４,文久４,1864,1,冊,1,Landscape,しゅうぎょくぶかん,shūgyokubukan,184,False
200019527,H29.12,政治・法制,袖珍武鑑,刊,ＭＹ－１２０１－２９４,文久４,1864,1,冊,1,Landscape,しゅうちんぶかん,shūchinbukan,154,False
200019528,H29.12,政治・法制,袖玉武鑑,刊,ＭＹ－１２０１－２９４,文久４,1864,1,冊,1,Landscape,しゅうぎょくぶかん,shūgyokubukan,184,False
200019529,H29.12,政治・法制,袖玉武鑑,刊,ＭＹ－１２０１－２９４,元治１,1864,1,冊,1,Landscape,しゅうぎょくぶかん,shūgyokubukan,184,False
200019533,H29.12,政治・法制,袖珍武鑑,刊,ＭＹ－１２０１－２９６,元治１,1864,1,冊,1,Landscape,しゅうちんぶかん,shūchinbukan,154,False
200019535,H29.12,政治・法制,袖玉武鑑,刊,ＭＹ－１２０１－２９７,元治１,1864,1,冊,1,Landscape,しゅうぎょくぶかん,shūgyokubukan,178,False
200019536,H29.12,政治・法制,袖玉武鑑,刊,ＭＹ－１２０１－２９７,元治１,1864,1,冊,1,Landscape,しゅうぎょくぶかん,shūgyokubukan,178,False
200019537,H29.12,政治・法制,袖玉武鑑,刊,ＭＹ－１２０１－２９７,元治１,1864,1,冊,1,Landscape,しゅうぎょくぶかん,shūgyokubukan,178,False
200019538,H29.12,政治・法制,袖珍武鑑,刊,ＭＹ－１２０１－２９７,元治１,1864,1,冊,1,Landscape,しゅうちんぶかん,shūchinbukan,154,False
200019541,H29.12,政治・法制,袖珍武鑑,刊,ＭＹ－１２０１－２９８,元治１,1864,1,冊,1,Landscape,しゅうちんぶかん,shūchinbukan,154,False
200019542,H29.12,政治・法制,袖玉武鑑,刊,ＭＹ－１２０１－２９８,元治１,1864,1,冊,1,Landscape,しゅうぎょくぶかん,shūgyokubukan,176,False
200019543,H29.12,政治・法制,袖珍武鑑,刊,ＭＹ－１２０１－２９８,元治１,1864,1,冊,1,Landscape,しゅうちんぶかん,shūchinbukan,154,False
200019544,H29.12,政治・法制,袖玉武鑑,刊,ＭＹ－１２０１－２９８,元治１,1864,1,冊,1,Landscape,しゅうぎょくぶかん,shūgyokubukan,180,False
200019545,H29.12,政治・法制,袖珍武鑑,刊,ＭＹ－１２０１－２９８,元治１,1864,1,冊,1,Landscape,しゅうちんぶかん,shūchinbukan,154,False
200019546,H29.12,政治・法制,袖玉武鑑,刊,ＭＹ－１２０１－２９８,元治１,1864,1,冊,1,Landscape,しゅうぎょくぶかん,shūgyokubukan,180,False
200019548,H29.12,政治・法制,袖珍武鑑,刊,ＭＹ－１２０１－２９９,元治１,1864,1,冊,1,Landscape,しゅうちんぶかん,shūchinbukan,154,False
200019549,H29.12,政治・法制,袖玉武鑑,刊,ＭＹ－１２０１－２９９,元治１,1864,1,冊,1,Landscape,しゅうぎょくぶかん,shūgyokubukan,186,False
200019550,H29.12,政治・法制,袖珍武鑑,刊,ＭＹ－１２０１－２９９,元治１,1864,1,冊,1,Landscape,しゅうちんぶかん,shūchinbukan,154,False
200019551,H29.12,政治・法制,袖玉武鑑,刊,ＭＹ－１２０１－２９９,元治１,1864,1,冊,1,Landscape,しゅうぎょくぶかん,shūgyokubukan,186,False
200019552,H29.12,政治・法制,袖珍武鑑,刊,ＭＹ－１２０１－２９９,元治１,1864,1,冊,1,Landscape,しゅうちんぶかん,shūchinbukan,154,False
200019553,H29.12,政治・法制,袖玉武鑑,刊,ＭＹ－１２０１－２９９,元治１,1864,1,冊,1,Landscape,しゅうぎょくぶかん,shūgyokubukan,186,False
200019554,H29.12,政治・法制,袖玉武鑑,刊,ＭＹ－１２０１－３００,元治１,1864,1,冊,1,Landscape,しゅうぎょくぶかん,shūgyokubukan,186,False
200019556,H29.12,政治・法制,袖珍武鑑,刊,ＭＹ－１２０１－３０１,元治２,1865,1,冊,1,Landscape,しゅうちんぶかん,shūchinbukan,154,False
200019557,H29.12,政治・法制,有司武鑑,刊,ＭＹ－１２０１－３０１,元治２,1865,1,冊,1,Landscape,ゆうしぶかん,yūshibukan,192,False
200019558,H29.12,政治・法制,袖珍武鑑,刊,ＭＹ－１２０１－３０１,元治２,1865,1,冊,1,Landscape,しゅうちんぶかん,shūchinbukan,154,False
200019559,H29.12,政治・法制,有司武鑑,刊,ＭＹ－１２０１－３０１,元治２,1865,1,冊,1,Landscape,ゆうしぶかん,yūshibukan,192,False
200019560,H29.12,政治・法制,袖珍武鑑,刊,ＭＹ－１２０１－３０１,元治２,1865,1,冊,1,Landscape,しゅうちんぶかん,shūchinbukan,156,False
200019561,H29.12,政治・法制,有司武鑑,刊,ＭＹ－１２０１－３０１,元治２,1865,1,冊,1,Landscape,ゆうしぶかん,yūshibukan,194,False
200019565,H29.12,政治・法制,袖珍武鑑,刊,ＭＹ－１２０１－３０２,慶応１,1865,1,冊,1,Landscape,しゅうちんぶかん,shūchinbukan,156,False
200019566,H29.12,政治・法制,有司武鑑,刊,ＭＹ－１２０１－３０２,慶応１,1865,1,冊,1,Landscape,ゆうしぶかん,yūshibukan,190,False
200019568,H29.12,政治・法制,袖珍武鑑,刊,ＭＹ－１２０１－３０２,慶応１,1865,1,冊,1,Landscape,しゅうちんぶかん,shūchinbukan,162,False
200019569,H29.12,政治・法制,有司武鑑,刊,ＭＹ－１２０１－３０２,慶応１,1865,1,冊,1,Landscape,ゆうしぶかん,yūshibukan,190,False
200019570,H29.12,政治・法制,袖珍武鑑,刊,ＭＹ－１２０１－３０２,慶応１,1865,1,冊,1,Landscape,しゅうちんぶかん,shūchinbukan,156,False
200019571,H29.12,政治・法制,有司武鑑,刊,ＭＹ－１２０１－３０２,慶応１,1865,1,冊,1,Landscape,ゆうしぶかん,yūshibukan,190,False
200019572,H29.12,政治・法制,袖珍武鑑,刊,ＭＹ－１２０１－３０２,慶応１,1865,1,冊,1,Landscape,しゅうちんぶかん,shūchinbukan,156,False
200019573,H29.12,政治・法制,有司武鑑,刊,ＭＹ－１２０１－３０２,慶応１,1865,1,冊,1,Landscape,ゆうしぶかん,yūshibukan,190,False
200019576,H29.12,政治・法制,袖珍武鑑,刊,ＭＹ－１２０１－３０３,慶応１,1865,1,冊,1,Landscape,しゅうちんぶかん,shūchinbukan,156,False
200019578,H29.12,政治・法制,有司武鑑,刊,ＭＹ－１２０１－３０３,慶応１,1865,1,冊,1,Landscape,ゆうしぶかん,yūshibukan,188,False
200019579,H29.12,政治・法制,袖珍武鑑,刊,ＭＹ－１２０１－３０３,慶応１,1865,1,冊,1,Landscape,しゅうちんぶかん,shūchinbukan,156,False
200019580,H29.12,政治・法制,有司武鑑,刊,ＭＹ－１２０１－３０３,慶応１,1865,1,冊,1,Landscape,ゆうしぶかん,yūshibukan,190,False
200019581,H29.12,政治・法制,袖珍武鑑,刊,ＭＹ－１２０１－３０３,慶応１,1865,1,冊,1,Landscape,しゅうちんぶかん,shūchinbukan,156,False
200019583,H29.12,政治・法制,袖玉武鑑,刊,ＭＹ－１２０１－３０３,慶応１,1865,1,冊,1,Landscape,しゅうぎょくぶかん,shūgyokubukan,188,False
200019585,H29.12,政治・法制,袖珍武鑑,刊,ＭＹ－１２０１－３０４,慶応１,1865,1,冊,1,Landscape,しゅうちんぶかん,shūchinbukan,156,False
200019586,H29.12,政治・法制,袖玉武鑑,刊,ＭＹ－１２０１－３０４,慶応１,1865,1,冊,1,Landscape,しゅうぎょくぶかん,shūgyokubukan,190,False
200019587,H29.12,政治・法制,袖珍武鑑,刊,ＭＹ－１２０１－３０４,慶応１,1865,1,冊,1,Landscape,しゅうちんぶかん,shūchinbukan,156,False
200019588,H29.12,政治・法制,袖玉武鑑,刊,ＭＹ－１２０１－３０４,慶応１,1865,1,冊,1,Landscape,しゅうぎょくぶかん,shūgyokubukan,190,False
200019589,H29.12,政治・法制,袖珍武鑑,刊,ＭＹ－１２０１－３０４,慶応１,1865,1,冊,1,Landscape,しゅうちんぶかん,shūchinbukan,156,False
200019590,H29.12,政治・法制,袖玉武鑑,刊,ＭＹ－１２０１－３０４,慶応１,1865,1,冊,1,Landscape,しゅうぎょくぶかん,shūgyokubukan,190,False
200019592,H29.12,政治・法制,袖玉武鑑,刊,ＭＹ－１２０１－３０５,慶応２,1866,1,冊,1,Landscape,しゅうぎょくぶかん,shūgyokubukan,190,False
200019593,H29.12,政治・法制,袖珍武鑑,刊,ＭＹ－１２０１－３０５,慶応２,1866,1,冊,1,Landscape,しゅうちんぶかん,shūchinbukan,156,False
200019594,H29.12,政治・法制,袖珍武鑑,刊,ＭＹ－１２０１－３０５,慶応２,1866,1,冊,1,Landscape,しゅうちんぶかん,shūchinbukan,156,False
200019595,H29.12,政治・法制,袖玉武鑑,刊,ＭＹ－１２０１－３０５,慶応２,1866,1,冊,1,Landscape,しゅうぎょくぶかん,shūgyokubukan,190,False
200019596,H29.12,政治・法制,袖珍武鑑,刊,ＭＹ－１２０１－３０５,慶応２,1866,1,冊,1,Landscape,しゅうちんぶかん,shūchinbukan,156,False
200019597,H29.12,政治・法制,袖玉武鑑,刊,ＭＹ－１２０１－３０５,慶応２,1866,1,冊,1,Landscape,しゅうぎょくぶかん,shūgyokubukan,190,False
200019599,H29.12,政治・法制,袖珍武鑑,刊,ＭＹ－１２０１－３０６,慶応２,1866,1,冊,1,Landscape,しゅうちんぶかん,shūchinbukan,157,False
200019600,H29.12,政治・法制,有司武鑑,刊,ＭＹ－１２０１－３０６,慶応２,1866,1,冊,1,Landscape,ゆうしぶかん,yūshibukan,192,False
200019601,H29.12,政治・法制,袖珍武鑑,刊,ＭＹ－１２０１－３０６,慶応２,1866,1,冊,1,Landscape,しゅうちんぶかん,shūchinbukan,153,False
200019602,H29.12,政治・法制,有司武鑑,刊,ＭＹ－１２０１－３０６,慶応２,1866,1,冊,1,Landscape,ゆうしぶかん,yūshibukan,194,False
200019604,H29.12,政治・法制,袖珍武鑑,刊,ＭＹ－１２０１－３０６,慶応２,1866,1,冊,1,Landscape,しゅうちんぶかん,shūchinbukan,153,False
200019605,H29.12,政治・法制,有司武鑑,刊,ＭＹ－１２０１－３０６,慶応２,1866,1,冊,1,Landscape,ゆうしぶかん,yūshibukan,194,False
200019607,H29.12,政治・法制,袖珍武鑑,刊,ＭＹ－１２０１－３０７,慶応２,1866,1,冊,1,Landscape,しゅうちんぶかん,shūchinbukan,153,False
200019608,H29.12,政治・法制,有司武鑑,刊,ＭＹ－１２０１－３０７,慶応２,1866,1,冊,1,Landscape,ゆうしぶかん,yūshibukan,192,False
200019609,H29.12,政治・法制,袖珍武鑑,刊,ＭＹ－１２０１－３０７,慶応２,1866,1,冊,1,Landscape,しゅうちんぶかん,shūchinbukan,153,False
200019610,H29.12,政治・法制,有司武鑑,刊,ＭＹ－１２０１－３０７,慶応２,1866,1,冊,1,Landscape,ゆうしぶかん,yūshibukan,194,False
200019611,H29.12,政治・法制,袖珍武鑑,刊,ＭＹ－１２０１－３０７,慶応２,1866,1,冊,1,Landscape,しゅうちんぶかん,shūchinbukan,153,False
200019612,H29.12,政治・法制,袖玉武鑑,刊,ＭＹ－１２０１－３０７,慶応２,1866,1,冊,1,Landscape,しゅうぎょくぶかん,shūgyokubukan,192,False
200019616,H29.12,政治・法制,袖珍武鑑,刊,ＭＹ－１２０１－３０８,慶応２,1866,1,冊,1,Landscape,しゅうちんぶかん,shūchinbukan,152,False
200019617,H29.12,政治・法制,袖玉武鑑,刊,ＭＹ－１２０１－３０８,慶応２,1866,1,冊,1,Landscape,しゅうぎょくぶかん,shūgyokubukan,192,False
200019618,H29.12,政治・法制,万世武鑑,刊,ＭＹ－１２０１－３０８,慶応２,1866,1,冊,1,Landscape,ばんせいぶかん,banseibukan,180,False
200019619,H29.12,政治・法制,有司武鑑,刊,ＭＹ－１２０１－３０８,慶応２,1866,1,冊,1,Landscape,ゆうしぶかん,yūshibukan,194,False
200019620,H29.12,政治・法制,袖珍武鑑,刊,ＭＹ－１２０１－３０８,慶応２,1866,1,冊,1,Landscape,しゅうちんぶかん,shūchinbukan,152,False
200019621,H29.12,政治・法制,袖玉武鑑,刊,ＭＹ－１２０１－３０８,慶応２,1866,1,冊,1,Landscape,しゅうぎょくぶかん,shūgyokubukan,194,False
200019622,H29.12,政治・法制,袖玉武鑑,刊,ＭＹ－１２０１－３０９,慶応２,1866,1,冊,1,Landscape,しゅうぎょくぶかん,shūgyokubukan,190,False
200019624,H29.12,政治・法制,袖珍武鑑,刊,ＭＹ－１２０１－３１０,慶応３,1867,1,冊,1,Landscape,しゅうちんぶかん,shūchinbukan,152,False
200019625,H29.12,政治・法制,袖玉武鑑,刊,ＭＹ－１２０１－３１０,慶応３,1867,1,冊,1,Landscape,しゅうぎょくぶかん,shūgyokubukan,192,False
200019626,H29.12,政治・法制,袖珍武鑑,刊,ＭＹ－１２０１－３１０,慶応３,1867,1,冊,1,Landscape,しゅうちんぶかん,shūchinbukan,152,False
200019627,H29.12,政治・法制,袖玉武鑑,刊,ＭＹ－１２０１－３１０,慶応３,1867,1,冊,1,Landscape,しゅうぎょくぶかん,shūgyokubukan,190,False
200019628,H29.12,政治・法制,袖珍武鑑,刊,ＭＹ－１２０１－３１０,慶応３,1867,1,冊,1,Landscape,しゅうちんぶかん,shūchinbukan,152,False
200019629,H29.12,政治・法制,袖玉武鑑,刊,ＭＹ－１２０１－３１０,慶応３,1867,1,冊,1,Landscape,しゅうぎょくぶかん,shūgyokubukan,190,False
200019631,H29.12,政治・法制,袖珍武鑑,刊,ＭＹ－１２０１－３１１,慶応３,1867,1,冊,1,Landscape,しゅうちんぶかん,shūchinbukan,152,False
200019632,H29.12,政治・法制,袖玉武鑑,刊,ＭＹ－１２０１－３１１,慶応３,1867,1,冊,1,Landscape,しゅうぎょくぶかん,shūgyokubukan,190,False
200019633,H29.12,政治・法制,袖珍武鑑,刊,ＭＹ－１２０１－３１１,慶応３,1867,1,冊,1,Landscape,しゅうちんぶかん,shūchinbukan,152,False
200019634,H29.12,政治・法制,袖玉武鑑,刊,ＭＹ－１２０１－３１１,慶応３,1867,1,冊,1,Landscape,しゅうぎょくぶかん,shūgyokubukan,190,False
200019635,H29.12,政治・法制,袖珍武鑑,刊,ＭＹ－１２０１－３１１,慶応３,1867,1,冊,1,Landscape,しゅうちんぶかん,shūchinbukan,152,False
200019636,H29.12,政治・法制,袖玉武鑑,刊,ＭＹ－１２０１－３１１,慶応３,1867,1,冊,1,Landscape,しゅうぎょくぶかん,shūgyokubukan,190,False
200019638,H29.12,政治・法制,袖珍武鑑,刊,ＭＹ－１２０１－３１２,慶応３,1867,1,冊,1,Landscape,しゅうちんぶかん,shūchinbukan,150,False
200019639,H29.12,政治・法制,袖玉武鑑,刊,ＭＹ－１２０１－３１２,慶応３,1867,1,冊,1,Landscape,しゅうぎょくぶかん,shūgyokubukan,190,False
200019640,H29.12,政治・法制,袖珍武鑑,刊,ＭＹ－１２０１－３１２,慶応３,1867,1,冊,1,Landscape,しゅうちんぶかん,shūchinbukan,152,False
200019641,H29.12,政治・法制,袖玉武鑑,刊,ＭＹ－１２０１－３１２,慶応３,1867,1,冊,1,Landscape,しゅうぎょくぶかん,shūgyokubukan,190,False
200019642,H29.12,政治・法制,袖珍武鑑,刊,ＭＹ－１２０１－３１２,慶応３,1867,1,冊,1,Landscape,しゅうちんぶかん,shūchinbukan,152,False
200019643,H29.12,政治・法制,袖玉武鑑,刊,ＭＹ－１２０１－３１２,慶応３,1867,1,冊,1,Landscape,しゅうぎょくぶかん,shūgyokubukan,190,False
200019645,H29.12,政治・法制,袖珍武鑑,刊,ＭＹ－１２０１－３１３,慶応３,1867,1,冊,1,Landscape,しゅうちんぶかん,shūchinbukan,152,False
200019646,H29.12,政治・法制,袖玉武鑑,刊,ＭＹ－１２０１－３１３,慶応３,1867,1,冊,1,Landscape,しゅうぎょくぶかん,shūgyokubukan,190,False
200019648,H29.12,政治・法制,袖珍武鑑,刊,ＭＹ－１２０１－３１３,慶応３,1867,1,冊,1,Landscape,しゅうちんぶかん,shūchinbukan,152,False
200019649,H29.12,政治・法制,袖玉武鑑,刊,ＭＹ－１２０１－３１３,慶応３,1867,1,冊,1,Landscape,しゅうぎょくぶかん,shūgyokubukan,196,False
200019650,H29.12,政治・法制,袖珍武鑑,刊,ＭＹ－１２０１－３１４,慶応３,1867,1,冊,1,Landscape,しゅうちんぶかん,shūchinbukan,152,False
200019651,H29.12,政治・法制,御国分武鑑,刊,ＭＹ－１２０１－３１５,慶応４,1868,1,冊,2,Landscape,おくにわけぶかん,okuniwakebukan,28,False
200019652,H29.12,政治・法制,御国分武鑑,刊,ＭＹ－１２０１－３１６,慶応４,1868,1,冊,2,Landscape,おくにわけぶかん,okuniwakebukan,29,False
200019654,H29.12,政治・法制,懐宝御国分略武鑑,刊,ＭＹ－１２０１－３１８,慶応４,1868,1,冊,2,Landscape,かいほうおくにわけりゃくぶかん,kaihō okuniwake ryakubukan,24,False
200019661,H29.12,政治・法制,昇栄武鑑,刊,ＭＹ－１２０１－３２４,嘉永６,1853,1,冊,2,Landscape,しょうえいぶかん,shōeibukan,124,False
200019662,H29.12,政治・法制,昇栄武鑑,刊,ＭＹ－１２０１－３２５,安政３,1856,1,冊,2,Landscape,しょうえいぶかん,shōeibukan,125,False
200019666,H29.12,政治・法制,昇栄武鑑,刊,ＭＹ－１２０１－３２７,元治１,1864,1,冊,2,Landscape,しょうえいぶかん,shōeibukan,128,False
200019756,H29.12,政治・法制,慶応武鑑,刊,９６－５５４－１～４,慶応３,1867,4,冊,2,Portrait,けいおうぶかん,keiōbukan,551,False
