国文研書誌ID,公開時期,オープンデータ分類,書名（統一書名）,TitleHiragana,TitleRomanji,刊・写,原本請求記号,刊年・書写年,（西暦）,冊数等,(単位),NrPages,Aspect,NrImages
200018466,H29.12,政治・法制,応仁武鑑,おうにんぶかん,ōninbukan,刊,ＭＹ－１４９０－７,天保１５,1844,2,冊,2,Portrait,78
200018476,H29.12,政治・法制,応仁武鑑,おうにんぶかん,ōninbukan,刊,ＭＹ－１４９０－８,弘化３,1846,3,冊,2,Portrait,100
200018713,H29.12,政治・法制,本朝武鑑,ほんちょうぶかん,honchōbukan,刊,ＭＹ－１２０１－５３,［貞享３］,[1686],1,冊,2,Landscape,75
200018714,H29.12,政治・法制,本朝武鑑,ほんちょうぶかん,honchōbukan,刊,ＭＹ－１２０１－５４,貞享３,1686,1,冊,2,Landscape,94
200018718,H29.12,政治・法制,太平武鑑,たいへいぶかん,taihenbukan,刊,ＭＹ－１２０１－５８,［元禄２］,[1689],1,冊,2,Landscape,48
200018719,H29.12,政治・法制,太平武鑑,たいへいぶかん,taihenbukan,刊,ＭＹ－１２０１－５９,［元禄３］,[1690],1,冊,2,Landscape,51
200018721,H29.12,政治・法制,太平武鑑,たいへいぶかん,taihenbukan,刊,ＭＹ－１２０１－６１,［元禄４］,[1691],1,冊,2,Landscape,103
200018725,H29.12,政治・法制,本朝武鑑,ほんちょうぶかん,honchōbukan,刊,ＭＹ－１２０１－６５,［元禄６］,[1693],1,冊,2,Landscape,79
200018728,H29.12,政治・法制,太平武鑑,たいへいぶかん,taihenbukan,刊,ＭＹ－１２０１－６７,［元禄７］,[1694],1,冊,2,Landscape,52
200018729,H29.12,政治・法制,太平武鑑,たいへいぶかん,taihenbukan,刊,ＭＹ－１２０１－６８,元禄７,1694,1,冊,2,Landscape,52
200018731,H29.12,政治・法制,太平武鑑,たいへいぶかん,taihenbukan,刊,ＭＹ－１２０１－７０,元禄９,1696,1,冊,2,Landscape,67
200018732,H29.12,政治・法制,太平武鑑,たいへいぶかん,taihenbukan,刊,ＭＹ－１２０１－７１,［元禄９］,[1696],1,冊,2,Landscape,49
200018733,H29.12,政治・法制,太平武鑑,たいへいぶかん,taihenbukan,刊,ＭＹ－１２０１－７２,［元禄１０］,[1697],1,冊,2,Landscape,92
200018745,H29.12,政治・法制,正統武鑑,せいとうぶかん,seitōbukan,刊,ＭＹ－１２０１－８３,元禄１５,1702,1,冊,2,Portrait,86
200018746,H29.12,政治・法制,正統武鑑,せいとうぶかん,seitōbukan,刊,ＭＹ－１２０１－８４,［元禄１６］,[1703],3,冊,2,Portrait,224
200018747,H29.12,政治・法制,元禄武鑑大全,げんろくぶかんたいぜん,genrokubukantaizen,刊,ＭＹ－１２０１－８５,［元禄１６］,[1703],1,冊,2,Portrait,56
200018748,H29.12,政治・法制,元禄武鑑大全,げんろくぶかんたいぜん,genrokubukantaizen,刊,ＭＹ－１２０１－８６,［元禄１６］,[1703],1,冊,2,Portrait,58
200018749,H29.12,政治・法制,元禄武鑑大全,げんろくぶかんたいぜん,genrokubukantaizen,刊,ＭＹ－１２０１－８７,元禄１６,1703,2,冊,2,Portrait,71
200018750,H29.12,政治・法制,元禄武鑑大全,げんろくぶかんたいぜん,genrokubukantaizen,刊,ＭＹ－１２０１－８８,元禄１６,1703,1,冊,2,Portrait,44
200018752,H29.12,政治・法制,宝永武鑑大成,ほうえいぶかんたいせい,hōeibukantaisen,刊,ＭＹ－１２０１－９０,宝永１,1704,1,冊,2,Portrait,173
200018755,H29.12,政治・法制,宝永武鑑大成,ほうえいぶかんたいせい,hōeibukantaisen,刊,ＭＹ－１２０１－９１,宝永２,1705,4,冊,2,Portrait,184
200018758,H29.12,政治・法制,正風武鑑,しょうふうぶかん,shōfūbukan,刊,ＭＹ－１２０１－９４,宝永５,1708,3,冊,2,Portrait,270
200018761,H29.12,政治・法制,正風武鑑,しょうふうぶかん,shōfūbukan,刊,ＭＹ－１２０１－９５,［宝永５］,[1708],2,冊,2,Portrait,179
200018763,H29.12,政治・法制,正徳武鑑,しょうとくぶかん,shōtokubukan,刊,ＭＹ－１２０１－９７,正徳４,1714,3,冊,2,Portrait,275
200018764,H29.12,政治・法制,正徳武鑑,しょうとくぶかん,shōtokubukan,刊,ＭＹ－１２０１－９８,正徳５,1715,1,冊,2,Portrait,275
200018765,H29.12,政治・法制,享保武鑑,きょうほうぶかん,kyōhōbukan,刊,ＭＹ－１２０１－９９,享保２,1717,4,冊,2,Portrait,284
200018766,H29.12,政治・法制,享保武鑑,きょうほうぶかん,kyōhōbukan,刊,ＭＹ－１２０１－１００,［享保４］,[1719],1,冊,2,Portrait,96
200018768,H29.12,政治・法制,享保武鑑,きょうほうぶかん,kyōhōbukan,刊,ＭＹ－１２０１－１０２,享保６,1721,4,冊,2,Portrait,286
200018769,H29.12,政治・法制,享保武鑑,きょうほうぶかん,kyōhōbukan,刊,ＭＹ－１２０１－１０３,享保１１,1726,1,冊,2,Portrait,270
200018770,H29.12,政治・法制,享保武鑑,きょうほうぶかん,kyōhōbukan,刊,ＭＹ－１２０１－１０４,享保１４,1729,1,冊,2,Portrait,275
200018771,H29.12,政治・法制,享保武鑑,きょうほうぶかん,kyōhōbukan,刊,ＭＹ－１２０１－１０５,享保１７,1732,4,冊,2,Portrait,299
200018772,H29.12,政治・法制,元文武鑑,げんぶんぶかん,genbunbukan,刊,ＭＹ－１２０１－１０６,元文１,1736,4,冊,2,Portrait,292
200018773,H29.12,政治・法制,元文武鑑,げんぶんぶかん,genbunbukan,刊,ＭＹ－１２０１－１０７,元文５,1740,4,冊,2,Portrait,286
200018777,H29.12,政治・法制,宝暦武鑑,ほうりゃくぶかん,hōryakubukan,刊,ＭＹ－１２０１－１１１,宝暦３,1753,4,冊,2,Portrait,315
200018779,H29.12,政治・法制,宝暦武鑑,ほうりゃくぶかん,hōryakubukan,刊,ＭＹ－１２０１－１１２,宝暦６,1756,1,冊,2,Portrait,281
200018780,H29.12,政治・法制,宝暦武鑑,ほうりゃくぶかん,hōryakubukan,刊,ＭＹ－１２０１－１１３,宝暦７,1757,1,冊,2,Portrait,279
200018781,H29.12,政治・法制,宝暦武鑑,ほうりゃくぶかん,hōryakubukan,刊,ＭＹ－１２０１－１１４,宝暦８,1758,1,冊,2,Portrait,281
200018782,H29.12,政治・法制,宝暦武鑑,ほうりゃくぶかん,hōryakubukan,刊,ＭＹ－１２０１－１１５,宝暦１１,1761,4,冊,2,Portrait,302
200018783,H29.12,政治・法制,大成武鑑,たいせいぶかん,taiseibukan,刊,ＭＹ－１２０１－１１６,宝暦１１,1761,1,冊,2,Portrait,81
200018784,H29.12,政治・法制,大成武鑑,たいせいぶかん,taiseibukan,刊,ＭＹ－１２０１－１１７,宝暦１２,1762,4,冊,2,Portrait,380
200018785,H29.12,政治・法制,宝暦武鑑,ほうりゃくぶかん,hōryakubukan,刊,ＭＹ－１２０１－１１８,宝暦１４,1764,1,冊,2,Portrait,399
200018787,H29.12,政治・法制,明和武鑑,めいわぶかん,meiwabukan,刊,ＭＹ－１２０１－１１９,明和１,1764,1,冊,2,Portrait,363
200018789,H29.12,政治・法制,明和武鑑,めいわぶかん,meiwabukan,刊,ＭＹ－１２０１－１２０,明和２,1765,4,冊,2,Portrait,395
200018791,H29.12,政治・法制,安永武鑑,あんえいぶかん,aneibukan,刊,ＭＹ－１２０１－１２１,安永２,1773,4,冊,2,Portrait,433
200018792,H29.12,政治・法制,安永武鑑,あんえいぶかん,aneibukan,刊,ＭＹ－１２０１－１２２,［安永２］,[1773],2,冊,2,Portrait,281
200018794,H29.12,政治・法制,安永武鑑,あんえいぶかん,aneibukan,刊,ＭＹ－１２０１－１２３,［安永２～３］,[1773],,,2,Portrait,46
200018795,H29.12,政治・法制,安永武鑑,あんえいぶかん,aneibukan,刊,ＭＹ－１２０１－１２６,安永７,1778,,,2,Portrait,382
200018796,H29.12,政治・法制,安永武鑑,あんえいぶかん,aneibukan,刊,ＭＹ－１２０１－１２４,安永４,1775,1,冊,2,Portrait,292
200018798,H29.12,政治・法制,安永武鑑,あんえいぶかん,aneibukan,刊,ＭＹ－１２０１－１２５,［安永６］,[1777],1,冊,2,Portrait,51
200018799,H29.12,政治・法制,安永武鑑,あんえいぶかん,aneibukan,刊,ＭＹ－１２０１－１２７,安永８,1779,1,冊,2,Portrait,435
200018800,H29.12,政治・法制,安永武鑑,あんえいぶかん,aneibukan,刊,ＭＹ－１２０１－１２８,安永９,1780,1,冊,2,Portrait,109
200018801,H29.12,政治・法制,安永武鑑,あんえいぶかん,aneibukan,刊,ＭＹ－１２０１－１２９,安永１０,1781,4,冊,2,Portrait,434
200018803,H29.12,政治・法制,天明武鑑,てんめいぶかん,tenmeibukan,刊,ＭＹ－１２０１－１３０,天明１,1781,1,冊,2,Portrait,447
200018804,H29.12,政治・法制,天明武鑑,てんめいぶかん,tenmeibukan,刊,ＭＹ－１２０１－１３１,天明２,1782,3,冊,2,Portrait,399
200018809,H29.12,政治・法制,大成武鑑,たいせいぶかん,taiseibukan,刊,ＭＹ－１２０１－１３２,天明２,1782,4,冊,2,Portrait,475
200018810,H29.12,政治・法制,天明武鑑,てんめいぶかん,tenmeibukan,刊,ＭＹ－１２０１－１３３,天明３,1783,1,冊,2,Portrait,451
200018813,H29.12,政治・法制,天明武鑑,てんめいぶかん,tenmeibukan,刊,ＭＹ－１２０１－１３４,［天明３］,[1783],,,2,Portrait,51
200018814,H29.12,政治・法制,天明武鑑,てんめいぶかん,tenmeibukan,刊,ＭＹ－１２０１－１３８,天明８,1788,,,2,Portrait,411
200018817,H29.12,政治・法制,天明武鑑,てんめいぶかん,tenmeibukan,刊,ＭＹ－１２０１－１３５,天明５,1785,1,冊,2,Portrait,463
200018820,H29.12,政治・法制,大成武鑑,たいせいぶかん,taiseibukan,刊,ＭＹ－１２０１－１３６,天明５,1785,4,冊,2,Portrait,478
200018822,H29.12,政治・法制,天明武鑑,てんめいぶかん,tenmeibukan,刊,ＭＹ－１２０１－１３７,天明７,1787,1,冊,2,Portrait,435
200018823,H27.11,政治・法制,寛政武鑑,かんせいぶかん,kanseibukan,刊,ＭＹ－１２０１－１３９,寛政1,1789,4,冊,2,Portrait,455
200018825,H27.11,政治・法制,寛政武鑑,かんせいぶかん,kanseibukan,刊,ＭＹ－１２０１－１４０,寛政3,1791,1,冊,2,Portrait,452
200018827,H29.12,政治・法制,寛政武鑑,かんせいぶかん,kanseibukan,刊,ＭＹ－１２０１－１４１,寛政５,1793,1,冊,2,Portrait,388
200018828,H29.12,政治・法制,寛政武鑑,かんせいぶかん,kanseibukan,刊,ＭＹ－１２０１－１４２,寛政７,1795,1,冊,2,Portrait,452
200018830,H27.11,政治・法制,寛政武鑑,かんせいぶかん,kanseibukan,刊,ＭＹ－１２０１－１４３,寛政8,1796,1,冊,2,Portrait,446
200018831,H27.11,政治・法制,寛政武鑑,かんせいぶかん,kanseibukan,刊,ＭＹ－１２０１－１４４,寛政9,1797,1,冊,2,Portrait,460
200018833,H27.11,政治・法制,寛政武鑑,かんせいぶかん,kanseibukan,刊,ＭＹ－１２０１－１４５,寛政10,1798,1,冊,2,Portrait,465
200018835,H27.11,政治・法制,寛政武鑑,かんせいぶかん,kanseibukan,刊,ＭＹ－１２０１－１４６,寛政11,1799,1,冊,2,Portrait,464
200018837,H29.12,政治・法制,享和武鑑,きょうわぶかん,kyōwabukan,刊,ＭＹ－１２０１－１４７,享和１,1801,4,冊,2,Portrait,473
200018838,H29.12,政治・法制,享和武鑑,きょうわぶかん,kyōwabukan,刊,ＭＹ－１２０１－１４８,享和３,1803,1,冊,2,Portrait,455
200018839,H27.11,政治・法制,享和武鑑,きょうわぶかん,kyōwabukan,刊,ＭＹ－１２０１－１４９,享和4,1804,1,冊,2,Portrait,463
200018840,H29.12,政治・法制,文化武鑑,ぶんかぶかん,bunkabukan,刊,ＭＹ－１２０１－１５０,文化１,1804,4,冊,2,Portrait,463
200018841,H27.11,政治・法制,文化武鑑,ぶんかぶかん,bunkabukan,刊,ＭＹ－１２０１－１５１,文化2,1805,1,冊,2,Portrait,466
200018842,H29.12,政治・法制,文化武鑑,ぶんかぶかん,bunkabukan,刊,ＭＹ－１２０１－１５２,文化３,1806,4,冊,2,Portrait,464
200018847,H29.12,政治・法制,文化武鑑,ぶんかぶかん,bunkabukan,刊,ＭＹ－１２０１－１５３,文化４,1807,4,冊,2,Portrait,463
200018850,H29.12,政治・法制,文化武鑑,ぶんかぶかん,bunkabukan,刊,ＭＹ－１２０１－１５４,,,1,冊,2,Portrait,160
200018853,H29.12,政治・法制,文化武鑑,ぶんかぶかん,bunkabukan,刊,ＭＹ－１２０１－１５５,文化５,1808,3,冊,2,Portrait,308
200018859,H29.12,政治・法制,文化武鑑,ぶんかぶかん,bunkabukan,刊,ＭＹ－１２０１－１５６,文化６,1809,4,冊,2,Portrait,468
200018861,H29.12,政治・法制,文化武鑑,ぶんかぶかん,bunkabukan,刊,ＭＹ－１２０１－１５７,文化７,1810,1,冊,2,Portrait,471
200018864,H29.12,政治・法制,文化武鑑,ぶんかぶかん,bunkabukan,刊,ＭＹ－１２０１－１５８,文化８,1811,1,冊,2,Portrait,470
200018866,H29.12,政治・法制,文化武鑑,ぶんかぶかん,bunkabukan,刊,ＭＹ－１２０１－１５９,文化９,1812,1,冊,2,Portrait,474
200018869,H29.12,政治・法制,文化武鑑,ぶんかぶかん,bunkabukan,刊,ＭＹ－１２０１－１６０,文化１０,1813,1,冊,2,Portrait,474
200018871,H29.12,政治・法制,文化武鑑,ぶんかぶかん,bunkabukan,刊,ＭＹ－１２０１－１６１,文化１１,1814,1,冊,2,Portrait,475
200018872,H29.12,政治・法制,文化武鑑,ぶんかぶかん,bunkabukan,刊,ＭＹ－１２０１－１６２,文化１２,1815,1,冊,2,Portrait,473
200018873,H29.12,政治・法制,文化武鑑,ぶんかぶかん,bunkabukan,刊,ＭＹ－１２０１－１６３,文化１３,1816,1,冊,2,Portrait,474
200018876,H29.12,政治・法制,文化武鑑,ぶんかぶかん,bunkabukan,刊,ＭＹ－１２０１－１６４,文化１４,1817,1,冊,2,Portrait,487
200018878,H29.12,政治・法制,文化武鑑,ぶんかぶかん,bunkabukan,刊,ＭＹ－１２０１－１６５,文化１５,1818,1,冊,2,Portrait,483
200018881,H29.12,政治・法制,文政武鑑,ぶんせいぶかん,bunseibukan,刊,ＭＹ－１２０１－１６６,文政２,1819,1,冊,2,Portrait,483
200018884,H29.12,政治・法制,文政武鑑,ぶんせいぶかん,bunseibukan,刊,ＭＹ－１２０１－１６７,文政３,1820,4,冊,2,Portrait,483
200018887,H29.12,政治・法制,文政武鑑,ぶんせいぶかん,bunseibukan,刊,ＭＹ－１２０１－１６８,文政４,1821,1,冊,2,Portrait,488
200018888,H29.12,政治・法制,文政武鑑,ぶんせいぶかん,bunseibukan,刊,ＭＹ－１２０１－１６９,文政５,1822,1,冊,2,Portrait,489
200018891,H29.12,政治・法制,文政武鑑,ぶんせいぶかん,bunseibukan,刊,ＭＹ－１２０１－１７０,文政６,1823,1,冊,2,Portrait,494
200018895,H29.12,政治・法制,文政武鑑,ぶんせいぶかん,bunseibukan,刊,ＭＹ－１２０１－１７１,文政７,1824,1,冊,2,Portrait,494
200018896,H29.12,政治・法制,文政武鑑,ぶんせいぶかん,bunseibukan,刊,ＭＹ－１２０１－１７２,文政８,1825,1,冊,2,Portrait,489
200018903,H29.12,政治・法制,文政武鑑,ぶんせいぶかん,bunseibukan,刊,ＭＹ－１２０１－１７３,文政９,1826,4,冊,2,Portrait,509
200018905,H29.12,政治・法制,文政武鑑,ぶんせいぶかん,bunseibukan,刊,ＭＹ－１２０１－１７４,［文政９］,[1826],1,冊,2,Portrait,178
200018906,H29.12,政治・法制,文政武鑑,ぶんせいぶかん,bunseibukan,刊,ＭＹ－１２０１－１７５,文政１０,1827,1,冊,2,Portrait,512
200018907,H29.12,政治・法制,文政武鑑,ぶんせいぶかん,bunseibukan,刊,ＭＹ－１２０１－１７６,文政１１,1828,1,冊,2,Portrait,518
200018908,H29.12,政治・法制,文政武鑑,ぶんせいぶかん,bunseibukan,刊,ＭＹ－１２０１－１７７,文政１２,1829,3,冊,2,Portrait,334
200018909,H29.12,政治・法制,文政武鑑,ぶんせいぶかん,bunseibukan,刊,ＭＹ－１２０１－１７８,文政１３,1830,1,冊,2,Portrait,524
200018914,H29.12,政治・法制,天保武鑑,てんぽうぶかん,tenpōbukan,刊,ＭＹ－１２０１－１７９,天保２,1831,1,冊,2,Portrait,527
200018915,H29.12,政治・法制,天保武鑑,てんぽうぶかん,tenpōbukan,刊,ＭＹ－１２０１－１８０,天保３,1832,1,冊,2,Portrait,525
200018917,H29.12,政治・法制,天保武鑑,てんぽうぶかん,tenpōbukan,刊,ＭＹ－１２０１－１８１,天保３,1832,4,冊,2,Portrait,524
200018921,H29.12,政治・法制,天保武鑑,てんぽうぶかん,tenpōbukan,刊,ＭＹ－１２０１－１８２,天保４,1833,4,冊,2,Portrait,523
200018923,H29.12,政治・法制,天保武鑑,てんぽうぶかん,tenpōbukan,刊,ＭＹ－１２０１－１８３,天保５,1834,1,冊,2,Portrait,525
200018925,H29.12,政治・法制,天保武鑑,てんぽうぶかん,tenpōbukan,刊,ＭＹ－１２０１－１８４,天保６,1835,4,冊,2,Portrait,524
200018930,H29.12,政治・法制,大成武鑑,たいせいぶかん,taiseibukan,刊,ＭＹ－１２０１－１８５,天保７,1836,4,冊,2,Portrait,607
200018931,H29.12,政治・法制,天保武鑑,てんぽうぶかん,tenpōbukan,刊,ＭＹ－１２０１－１８６,天保８,1837,1,冊,2,Portrait,534
200018933,H29.12,政治・法制,天保武鑑,てんぽうぶかん,tenpōbukan,刊,ＭＹ－１２０１－１８７,天保９,1838,1,冊,2,Portrait,542
200018934,H29.12,政治・法制,天保武鑑,てんぽうぶかん,tenpōbukan,刊,ＭＹ－１２０１－１８８,天保１０,1839,1,冊,2,Portrait,546
200018936,H29.12,政治・法制,天保武鑑,てんぽうぶかん,tenpōbukan,刊,ＭＹ－１２０１－１８９,天保１２,1841,1,冊,2,Portrait,548
200018937,H29.12,政治・法制,天保武鑑,てんぽうぶかん,tenpōbukan,刊,ＭＹ－１２０１－１９０,天保１２,1841,2,冊,2,Portrait,326
200018938,H29.12,政治・法制,天保武鑑,てんぽうぶかん,tenpōbukan,刊,ＭＹ－１２０１－１９１,［天保１２］,[1841],2,冊,2,Portrait,228
200018940,H29.12,政治・法制,天保武鑑,てんぽうぶかん,tenpōbukan,刊,ＭＹ－１２０１－１９２,天保１３,1842,1,冊,2,Portrait,550
200018941,H29.12,政治・法制,天保武鑑,てんぽうぶかん,tenpōbukan,刊,ＭＹ－１２０１－１９３,天保１４,1843,1,冊,2,Portrait,553
200018942,H29.12,政治・法制,天保武鑑,てんぽうぶかん,tenpōbukan,刊,ＭＹ－１２０１－１９４,天保１５,1844,4,冊,2,Portrait,548
200018959,H29.12,政治・法制,弘化武鑑,こうかぶかん,kōkabukan,刊,ＭＹ－１２０１－１９５,弘化２,1845,1,冊,2,Portrait,547
200018961,H29.12,政治・法制,弘化武鑑,こうかぶかん,kōkabukan,刊,ＭＹ－１２０１－１９６,弘化３,1846,4,冊,2,Portrait,548
200018966,H29.12,政治・法制,弘化武鑑,こうかぶかん,kōkabukan,刊,ＭＹ－１２０１－１９７,弘化４,1847,4,冊,2,Portrait,545
200018967,H29.12,政治・法制,大成武鑑,たいせいぶかん,taiseibukan,刊,ＭＹ－１２０１－１９８,弘化５,1848,1,冊,2,Portrait,618
200018969,H29.12,政治・法制,大成武鑑,たいせいぶかん,taiseibukan,刊,ＭＹ－１２０１－１９９,嘉永２,1849,1,冊,2,Portrait,620
200018982,H29.12,政治・法制,大成武鑑,たいせいぶかん,taiseibukan,刊,ＭＹ－１２０１－２０１,嘉永３,1850,1,冊,2,Portrait,623
200018983,H29.12,政治・法制,大成武鑑,たいせいぶかん,taiseibukan,刊,ＭＹ－１２０１－２０２,嘉永４,1851,1,冊,2,Portrait,643
200018984,H29.12,政治・法制,大成武鑑,たいせいぶかん,taiseibukan,刊,ＭＹ－１２０１－２０３,嘉永５,1852,1,冊,2,Portrait,648
200018993,H29.12,政治・法制,大成武鑑,たいせいぶかん,taiseibukan,刊,ＭＹ－１２０１－２０４,嘉永６,1853,1,冊,2,Portrait,651
200019270,H29.12,政治・法制,大成武鑑,たいせいぶかん,taiseibukan,刊,９６－２３０－１～４,天保９,1838,4,冊,2,Portrait,616
200019336,H29.12,政治・法制,大成武鑑,たいせいぶかん,taiseibukan,刊,ＭＹ－１２０１－２０５,嘉永７,1854,1,冊,2,Portrait,647
200019340,H29.12,政治・法制,安政武鑑,あんせいぶかん,anseibukan,刊,ＭＹ－１２０１－２０６,安政２,1855,1,冊,2,Portrait,553
200019345,H29.12,政治・法制,安政武鑑,あんせいぶかん,anseibukan,刊,ＭＹ－１２０１－２０７,安政３,1856,4,冊,2,Portrait,551
200019347,H29.12,政治・法制,大成武鑑,たいせいぶかん,taiseibukan,刊,ＭＹ－１２０１－２０８,安政４,1857,1,冊,2,Portrait,645
200019348,H29.12,政治・法制,安政武鑑,あんせいぶかん,anseibukan,刊,ＭＹ－１２０１－２０９,安政５,1858,1,冊,2,Portrait,563
200019349,H29.12,政治・法制,大成武鑑,たいせいぶかん,taiseibukan,刊,ＭＹ－１２０１－２１０,安政６,1859,1,冊,2,Portrait,645
200019353,H29.12,政治・法制,大成武鑑,たいせいぶかん,taiseibukan,刊,ＭＹ－１２０１－２１１,万延１,1860,1,冊,2,Portrait,644
200019354,H29.12,政治・法制,文久武鑑,ぶんきゅうぶかん,bunkyūbukan,刊,ＭＹ－１２０１－２１２,文久１,1861,5,冊,2,Portrait,573
200019356,H29.12,政治・法制,大成武鑑,たいせいぶかん,taiseibukan,刊,ＭＹ－１２０１－２１３,文久２,1862,1,冊,2,Portrait,649
200019358,H29.12,政治・法制,大成武鑑,たいせいぶかん,taiseibukan,刊,ＭＹ－１２０１－２１４,文久３,1863,5,冊,2,Portrait,648
200019369,H29.12,政治・法制,文久武鑑,ぶんきゅうぶかん,bunkyūbukan,刊,ＭＹ－１２０１－２１５,文久４,1864,5,冊,2,Portrait,579
200019370,H29.12,政治・法制,大成武鑑,たいせいぶかん,taiseibukan,刊,ＭＹ－１２０１－２１６,元治２,1865,5,冊,2,Portrait,666
200019371,H29.12,政治・法制,大成武鑑,たいせいぶかん,taiseibukan,刊,ＭＹ－１２０１－２１７,慶応１,1865,1,冊,2,Portrait,663
200019373,H29.12,政治・法制,大成武鑑,たいせいぶかん,taiseibukan,刊,ＭＹ－１２０１－２１８,慶応２,1866,1,冊,2,Portrait,665
200019375,H29.12,政治・法制,大成武鑑,たいせいぶかん,taiseibukan,刊,ＭＹ－１２０１－２１９,慶応２,1866,4,冊,2,Portrait,454
200019387,H29.12,政治・法制,大成武鑑,たいせいぶかん,taiseibukan,刊,ＭＹ－１２０１－２２０,慶応３,1867,5,冊,2,Portrait,650
200019388,H29.12,政治・法制,大成武鑑,たいせいぶかん,taiseibukan,刊,ＭＹ－１２０１－２２１,［慶応３］,[1867],1,冊,2,Portrait,222
200019397,H29.12,政治・法制,袖玉武鑑,しゅうぎょくぶかん,shūgyokubukan,刊,ＭＹ－１２０１－２２５,宝暦１４,1764,1,冊,1,Landscape,118
200019399,H29.12,政治・法制,袖珍武鑑,しゅうちんぶかん,shūchinbukan,刊,ＭＹ－１２０１－２２６,安永７,1778,1,冊,1,Landscape,146
200019400,H29.12,政治・法制,袖玉武鑑,しゅうぎょくぶかん,shūgyokubukan,刊,ＭＹ－１２０１－２２７,天明８,1788,1,冊,1,Landscape,128
200019401,H29.12,政治・法制,袖玉武鑑,しゅうぎょくぶかん,shūgyokubukan,刊,ＭＹ－１２０１－２２８,天明９,1789,1,冊,1,Landscape,134
200019406,H29.12,政治・法制,袖玉武鑑,しゅうぎょくぶかん,shūgyokubukan,刊,ＭＹ－１２０１－２３０,寛政１０,1798,1,冊,1,Landscape,150
200019408,H29.12,政治・法制,袖玉武鑑,しゅうぎょくぶかん,shūgyokubukan,刊,ＭＹ－１２０１－２３１,文化３,1806,1,冊,1,Landscape,142
200019409,H29.12,政治・法制,袖玉武鑑,しゅうぎょくぶかん,shūgyokubukan,刊,ＭＹ－１２０１－２３２,文化３,1806,1,冊,1,Landscape,142
200019410,H29.12,政治・法制,袖玉武鑑,しゅうぎょくぶかん,shūgyokubukan,刊,ＭＹ－１２０１－２３３,文化４,1807,1,冊,1,Landscape,140
200019411,H29.12,政治・法制,袖玉武鑑,しゅうぎょくぶかん,shūgyokubukan,刊,ＭＹ－１２０１－２３４,文化４,1807,1,冊,1,Landscape,142
200019412,H29.12,政治・法制,袖玉武鑑,しゅうぎょくぶかん,shūgyokubukan,刊,ＭＹ－１２０１－２３５,文化５,1808,1,冊,1,Landscape,140
200019413,H29.12,政治・法制,袖珍武鑑,しゅうちんぶかん,shūchinbukan,刊,ＭＹ－１２０１－２３６,文化６,1809,1,冊,1,Landscape,146
200019414,H29.12,政治・法制,袖玉武鑑,しゅうぎょくぶかん,shūgyokubukan,刊,ＭＹ－１２０１－２３７,文化７,1810,1,冊,1,Landscape,142
200019415,H29.12,政治・法制,袖玉武鑑,しゅうぎょくぶかん,shūgyokubukan,刊,ＭＹ－１２０１－２３８,文化９,1812,1,冊,1,Landscape,146
200019416,H29.12,政治・法制,袖玉武鑑,しゅうぎょくぶかん,shūgyokubukan,刊,ＭＹ－１２０１－２３９,文化９,1812,1,冊,1,Landscape,146
200019417,H29.12,政治・法制,袖玉武鑑,しゅうぎょくぶかん,shūgyokubukan,刊,ＭＹ－１２０１－２４０,文化１１,1814,1,冊,1,Landscape,156
200019418,H29.12,政治・法制,懐宝略武鑑,かいほうりゃくぶかん,kaihōryakubukan,刊,ＭＹ－１２０１－２４１,文政６,1823,1,冊,1,Landscape,22
200019419,H29.12,政治・法制,袖珍武鑑,しゅうちんぶかん,shūchinbukan,刊,ＭＹ－１２０１－２４２,文政７,1824,1,冊,1,Landscape,146
200019420,H29.12,政治・法制,袖玉武鑑,しゅうぎょくぶかん,shūgyokubukan,刊,ＭＹ－１２０１－２４３,文政１２,1829,1,冊,1,Landscape,155
200019421,H29.12,政治・法制,有司武鑑,ゆうしぶかん,yūshibukan,刊,ＭＹ－１２０１－２４４,文政１３,1830,1,冊,1,Landscape,176
200019422,H29.12,政治・法制,袖玉武鑑,しゅうぎょくぶかん,shūgyokubukan,刊,ＭＹ－１２０１－２４５,天保７,1836,1,冊,1,Landscape,160
200019423,H29.12,政治・法制,袖珍武鑑,しゅうちんぶかん,shūchinbukan,刊,ＭＹ－１２０１－２４６,天保８,1837,1,冊,1,Landscape,146
200019424,H29.12,政治・法制,袖玉武鑑,しゅうぎょくぶかん,shūgyokubukan,刊,ＭＹ－１２０１－２４７,天保８,1837,1,冊,1,Landscape,162
200019425,H29.12,政治・法制,袖玉武鑑,しゅうぎょくぶかん,shūgyokubukan,刊,ＭＹ－１２０１－２４８,天保９,1838,1,冊,1,Landscape,158
200019428,H29.12,政治・法制,有司武鑑,ゆうしぶかん,yūshibukan,刊,ＭＹ－１２０１－２５０,天保９,1838,1,冊,1,Landscape,170
200019429,H29.12,政治・法制,袖珍武鑑,しゅうちんぶかん,shūchinbukan,刊,ＭＹ－１２０１－２５１,天保１１,1840,1,冊,1,Landscape,144
200019430,H29.12,政治・法制,袖珍武鑑,しゅうちんぶかん,shūchinbukan,刊,ＭＹ－１２０１－２５２,天保１２,1841,1,冊,1,Landscape,146
200019431,H29.12,政治・法制,袖玉武鑑,しゅうぎょくぶかん,shūgyokubukan,刊,ＭＹ－１２０１－２５３,天保１２,1841,1,冊,1,Landscape,168
200019432,H29.12,政治・法制,袖玉武鑑,しゅうぎょくぶかん,shūgyokubukan,刊,ＭＹ－１２０１－２５４,天保１２,1841,1,冊,1,Landscape,166
200019434,H29.12,政治・法制,袖玉武鑑,しゅうぎょくぶかん,shūgyokubukan,刊,ＭＹ－１２０１－２５５,天保１３,1842,1,冊,1,Landscape,178
200019438,H29.12,政治・法制,袖玉武鑑,しゅうぎょくぶかん,shūgyokubukan,刊,ＭＹ－１２０１－２５６,天保１５,1844,1,冊,1,Landscape,164
200019439,H29.12,政治・法制,有司武鑑,ゆうしぶかん,yūshibukan,刊,ＭＹ－１２０１－２５７,天保１５,1844,1,冊,1,Landscape,198
200019441,H29.12,政治・法制,万世武鑑,ばんせいぶかん,banseibukan,刊,ＭＹ－１２０１－２５９,弘化３,1846,1,冊,1,Landscape,92
200019442,H29.12,政治・法制,袖玉武鑑,しゅうぎょくぶかん,shūgyokubukan,刊,ＭＹ－１２０１－２６０,弘化４,1847,1,冊,1,Landscape,164
200019443,H29.12,政治・法制,有司武鑑,ゆうしぶかん,yūshibukan,刊,ＭＹ－１２０１－２６１,弘化４,1847,1,冊,1,Landscape,188
200019444,H29.12,政治・法制,有司武鑑,ゆうしぶかん,yūshibukan,刊,ＭＹ－１２０１－２６２,嘉永２,1849,1,冊,1,Landscape,194
200019445,H29.12,政治・法制,袖玉武鑑,しゅうぎょくぶかん,shūgyokubukan,刊,ＭＹ－１２０１－２６３,嘉永３,1850,1,冊,1,Landscape,164
200019446,H29.12,政治・法制,有司武鑑,ゆうしぶかん,yūshibukan,刊,ＭＹ－１２０１－２６４,嘉永３,1850,1,冊,1,Landscape,188
200019448,H29.12,政治・法制,有司武鑑,ゆうしぶかん,yūshibukan,刊,ＭＹ－１２０１－２６５,嘉永３,1850,1,冊,1,Landscape,188
200019451,H29.12,政治・法制,袖珍武鑑,しゅうちんぶかん,shūchinbukan,刊,ＭＹ－１２０１－２６６,嘉永４,1851,1,冊,1,Landscape,146
200019452,H29.12,政治・法制,袖玉武鑑,しゅうぎょくぶかん,shūgyokubukan,刊,ＭＹ－１２０１－２６７,嘉永５,1852,1,冊,1,Landscape,166
200019453,H29.12,政治・法制,万世武鑑,ばんせいぶかん,banseibukan,刊,ＭＹ－１２０１－２６８,嘉永５,1852,1,冊,1,Landscape,176
200019455,H29.12,政治・法制,袖玉武鑑,しゅうぎょくぶかん,shūgyokubukan,刊,ＭＹ－１２０１－２６９,嘉永７,1854,1,冊,1,Landscape,166
200019456,H29.12,政治・法制,有司武鑑,ゆうしぶかん,yūshibukan,刊,ＭＹ－１２０１－２７０,安政２,1855,1,冊,1,Landscape,180
200019458,H29.12,政治・法制,袖玉武鑑,しゅうぎょくぶかん,shūgyokubukan,刊,ＭＹ－１２０１－２７２,安政３,1856,1,冊,1,Landscape,166
200019459,H29.12,政治・法制,有司武鑑,ゆうしぶかん,yūshibukan,刊,ＭＹ－１２０１－２７３,安政３,1856,1,冊,1,Landscape,180
200019461,H29.12,政治・法制,袖珍武鑑,しゅうちんぶかん,shūchinbukan,刊,ＭＹ－１２０１－２７４,安政４,1857,1,冊,1,Landscape,152
200019462,H29.12,政治・法制,袖玉武鑑,しゅうぎょくぶかん,shūgyokubukan,刊,ＭＹ－１２０１－２７５,安政４,1857,1,冊,1,Landscape,166
200019464,H29.12,政治・法制,袖珍武鑑,しゅうちんぶかん,shūchinbukan,刊,ＭＹ－１２０１－２７６,安政５,1858,1,冊,1,Landscape,154
200019465,H29.12,政治・法制,袖玉武鑑,しゅうぎょくぶかん,shūgyokubukan,刊,ＭＹ－１２０１－２７７,安政５,1858,1,冊,1,Landscape,174
200019472,H29.12,政治・法制,袖玉武鑑,しゅうぎょくぶかん,shūgyokubukan,刊,ＭＹ－１２０１－２７８,安政５,1858,1,冊,1,Landscape,166
200019473,H29.12,政治・法制,袖玉武鑑,しゅうぎょくぶかん,shūgyokubukan,刊,ＭＹ－１２０１－２７８,安政５,1858,1,冊,1,Landscape,172
200019474,H29.12,政治・法制,袖玉武鑑,しゅうぎょくぶかん,shūgyokubukan,刊,ＭＹ－１２０１－２７８,安政５,1858,1,冊,1,Landscape,174
200019475,H29.12,政治・法制,袖玉武鑑,しゅうぎょくぶかん,shūgyokubukan,刊,ＭＹ－１２０１－２７８,安政５,1858,1,冊,1,Landscape,174
200019476,H29.12,政治・法制,袖玉武鑑,しゅうぎょくぶかん,shūgyokubukan,刊,ＭＹ－１２０１－２７８,安政５,1858,1,冊,1,Landscape,166
200019477,H29.12,政治・法制,袖玉武鑑,しゅうぎょくぶかん,shūgyokubukan,刊,ＭＹ－１２０１－２７９,安政５,1858,1,冊,1,Landscape,166
200019478,H29.12,政治・法制,袖玉武鑑,しゅうぎょくぶかん,shūgyokubukan,刊,ＭＹ－１２０１－２８０,安政５,1858,1,冊,1,Landscape,164
200019479,H29.12,政治・法制,懐宝略武鑑,かいほうりゃくぶかん,kaihōryakubukan,刊,ＭＹ－１２０１－２８１,安政５,1858,1,冊,1,Landscape,22
200019480,H29.12,政治・法制,有司武鑑,ゆうしぶかん,yūshibukan,刊,ＭＹ－１２０１－２８２,安政５,1858,1,冊,1,Landscape,186
200019481,H29.12,政治・法制,袖玉武鑑,しゅうぎょくぶかん,shūgyokubukan,刊,ＭＹ－１２０１－２８３,安政６,1859,1,冊,1,Landscape,172
200019483,H29.12,政治・法制,袖玉武鑑,しゅうぎょくぶかん,shūgyokubukan,刊,ＭＹ－１２０１－２８４,安政７,1860,1,冊,1,Landscape,170
200019484,H29.12,政治・法制,袖玉武鑑,しゅうぎょくぶかん,shūgyokubukan,刊,ＭＹ－１２０１－２８４,安政７,1860,1,冊,1,Landscape,170
200019485,H29.12,政治・法制,袖玉武鑑,しゅうぎょくぶかん,shūgyokubukan,刊,ＭＹ－１２０１－２８４,万延１,1860,1,冊,1,Landscape,172
200019486,H29.12,政治・法制,袖玉武鑑,しゅうぎょくぶかん,shūgyokubukan,刊,ＭＹ－１２０１－２８５,万延１,1860,1,冊,1,Landscape,170
200019488,H29.12,政治・法制,袖玉武鑑,しゅうぎょくぶかん,shūgyokubukan,刊,ＭＹ－１２０１－２８６,万延２,1861,1,冊,1,Landscape,172
200019489,H29.12,政治・法制,袖玉武鑑,しゅうぎょくぶかん,shūgyokubukan,刊,ＭＹ－１２０１－２８６,万延２,1861,1,冊,1,Landscape,172
200019490,H29.12,政治・法制,袖玉武鑑,しゅうぎょくぶかん,shūgyokubukan,刊,ＭＹ－１２０１－２８６,文久１,1861,1,冊,1,Landscape,172
200019491,H29.12,政治・法制,袖玉武鑑,しゅうぎょくぶかん,shūgyokubukan,刊,ＭＹ－１２０１－２８６,文久１,1861,1,冊,1,Landscape,170
200019492,H29.12,政治・法制,袖玉武鑑,しゅうぎょくぶかん,shūgyokubukan,刊,ＭＹ－１２０１－２８６,文久１,1861,1,冊,1,Landscape,170
200019493,H29.12,政治・法制,袖玉武鑑,しゅうぎょくぶかん,shūgyokubukan,刊,ＭＹ－１２０１－２８６,文久１,1861,1,冊,1,Landscape,170
200019494,H29.12,政治・法制,袖玉武鑑,しゅうぎょくぶかん,shūgyokubukan,刊,ＭＹ－１２０１－２８６,文久１,1861,1,冊,1,Landscape,176
200019495,H29.12,政治・法制,袖玉武鑑,しゅうぎょくぶかん,shūgyokubukan,刊,ＭＹ－１２０１－２８６,文久１,1861,1,冊,1,Landscape,178
200019497,H29.12,政治・法制,袖玉武鑑,しゅうぎょくぶかん,shūgyokubukan,刊,ＭＹ－１２０１－２８７,文久１,1861,1,冊,1,Landscape,178
200019499,H29.12,政治・法制,袖玉武鑑,しゅうぎょくぶかん,shūgyokubukan,刊,ＭＹ－１２０１－２８７,文久１,1861,1,冊,1,Landscape,178
200019500,H29.12,政治・法制,袖玉武鑑,しゅうぎょくぶかん,shūgyokubukan,刊,ＭＹ－１２０１－２８７,文久１,1861,1,冊,1,Landscape,178
200019501,H29.12,政治・法制,有司武鑑,ゆうしぶかん,yūshibukan,刊,ＭＹ－１２０１－２８８,文久１,1861,1,冊,1,Landscape,184
200019503,H29.12,政治・法制,袖玉武鑑,しゅうぎょくぶかん,shūgyokubukan,刊,ＭＹ－１２０１－２８９,文久２,1862,1,冊,1,Landscape,180
200019504,H29.12,政治・法制,袖玉武鑑,しゅうぎょくぶかん,shūgyokubukan,刊,ＭＹ－１２０１－２８９,文久２,1862,1,冊,1,Landscape,184
200019505,H29.12,政治・法制,袖玉武鑑,しゅうぎょくぶかん,shūgyokubukan,刊,ＭＹ－１２０１－２８９,文久２,1862,1,冊,1,Landscape,184
200019506,H29.12,政治・法制,袖玉武鑑,しゅうぎょくぶかん,shūgyokubukan,刊,ＭＹ－１２０１－２８９,文久２,1862,1,冊,1,Landscape,184
200019508,H29.12,政治・法制,袖玉武鑑,しゅうぎょくぶかん,shūgyokubukan,刊,ＭＹ－１２０１－２９０,文久２,1862,1,冊,1,Landscape,184
200019509,H29.12,政治・法制,袖珍武鑑,しゅうちんぶかん,shūchinbukan,刊,ＭＹ－１２０１－２９１,文久３,1863,1,冊,1,Landscape,152
200019512,H29.12,政治・法制,袖玉武鑑,しゅうぎょくぶかん,shūgyokubukan,刊,ＭＹ－１２０１－２９２,文久３,1863,1,冊,1,Landscape,176
200019513,H29.12,政治・法制,袖玉武鑑,しゅうぎょくぶかん,shūgyokubukan,刊,ＭＹ－１２０１－２９２,文久３,1863,1,冊,1,Landscape,176
200019514,H29.12,政治・法制,袖玉武鑑,しゅうぎょくぶかん,shūgyokubukan,刊,ＭＹ－１２０１－２９２,文久３,1863,1,冊,1,Landscape,179
200019515,H29.12,政治・法制,袖玉武鑑,しゅうぎょくぶかん,shūgyokubukan,刊,ＭＹ－１２０１－２９２,文久３,1863,1,冊,1,Landscape,180
200019516,H29.12,政治・法制,袖玉武鑑,しゅうぎょくぶかん,shūgyokubukan,刊,ＭＹ－１２０１－２９２,文久３,1863,1,冊,1,Landscape,180
200019517,H29.12,政治・法制,袖玉武鑑,しゅうぎょくぶかん,shūgyokubukan,刊,ＭＹ－１２０１－２９２,文久３,1863,1,冊,1,Landscape,180
200019519,H29.12,政治・法制,袖玉武鑑,しゅうぎょくぶかん,shūgyokubukan,刊,ＭＹ－１２０１－２９２,文久３,1863,1,冊,1,Landscape,182
200019520,H29.12,政治・法制,袖玉武鑑,しゅうぎょくぶかん,shūgyokubukan,刊,ＭＹ－１２０１－２９２,文久３,1863,1,冊,1,Landscape,182
200019521,H29.12,政治・法制,袖玉武鑑,しゅうぎょくぶかん,shūgyokubukan,刊,ＭＹ－１２０１－２９３,文久３,1863,1,冊,1,Landscape,178
200019525,H29.12,政治・法制,袖珍武鑑,しゅうちんぶかん,shūchinbukan,刊,ＭＹ－１２０１－２９４,文久４,1864,1,冊,1,Landscape,154
200019526,H29.12,政治・法制,袖玉武鑑,しゅうぎょくぶかん,shūgyokubukan,刊,ＭＹ－１２０１－２９４,文久４,1864,1,冊,1,Landscape,184
200019527,H29.12,政治・法制,袖珍武鑑,しゅうちんぶかん,shūchinbukan,刊,ＭＹ－１２０１－２９４,文久４,1864,1,冊,1,Landscape,154
200019528,H29.12,政治・法制,袖玉武鑑,しゅうぎょくぶかん,shūgyokubukan,刊,ＭＹ－１２０１－２９４,文久４,1864,1,冊,1,Landscape,184
200019529,H29.12,政治・法制,袖玉武鑑,しゅうぎょくぶかん,shūgyokubukan,刊,ＭＹ－１２０１－２９４,元治１,1864,1,冊,1,Landscape,184
200019533,H29.12,政治・法制,袖珍武鑑,しゅうちんぶかん,shūchinbukan,刊,ＭＹ－１２０１－２９６,元治１,1864,1,冊,1,Landscape,154
200019535,H29.12,政治・法制,袖玉武鑑,しゅうぎょくぶかん,shūgyokubukan,刊,ＭＹ－１２０１－２９７,元治１,1864,1,冊,1,Landscape,178
200019536,H29.12,政治・法制,袖玉武鑑,しゅうぎょくぶかん,shūgyokubukan,刊,ＭＹ－１２０１－２９７,元治１,1864,1,冊,1,Landscape,178
200019537,H29.12,政治・法制,袖玉武鑑,しゅうぎょくぶかん,shūgyokubukan,刊,ＭＹ－１２０１－２９７,元治１,1864,1,冊,1,Landscape,178
200019538,H29.12,政治・法制,袖珍武鑑,しゅうちんぶかん,shūchinbukan,刊,ＭＹ－１２０１－２９７,元治１,1864,1,冊,1,Landscape,154
200019541,H29.12,政治・法制,袖珍武鑑,しゅうちんぶかん,shūchinbukan,刊,ＭＹ－１２０１－２９８,元治１,1864,1,冊,1,Landscape,154
200019542,H29.12,政治・法制,袖玉武鑑,しゅうぎょくぶかん,shūgyokubukan,刊,ＭＹ－１２０１－２９８,元治１,1864,1,冊,1,Landscape,176
200019543,H29.12,政治・法制,袖珍武鑑,しゅうちんぶかん,shūchinbukan,刊,ＭＹ－１２０１－２９８,元治１,1864,1,冊,1,Landscape,154
200019544,H29.12,政治・法制,袖玉武鑑,しゅうぎょくぶかん,shūgyokubukan,刊,ＭＹ－１２０１－２９８,元治１,1864,1,冊,1,Landscape,180
200019545,H29.12,政治・法制,袖珍武鑑,しゅうちんぶかん,shūchinbukan,刊,ＭＹ－１２０１－２９８,元治１,1864,1,冊,1,Landscape,154
200019546,H29.12,政治・法制,袖玉武鑑,しゅうぎょくぶかん,shūgyokubukan,刊,ＭＹ－１２０１－２９８,元治１,1864,1,冊,1,Landscape,180
200019548,H29.12,政治・法制,袖珍武鑑,しゅうちんぶかん,shūchinbukan,刊,ＭＹ－１２０１－２９９,元治１,1864,1,冊,1,Landscape,154
200019549,H29.12,政治・法制,袖玉武鑑,しゅうぎょくぶかん,shūgyokubukan,刊,ＭＹ－１２０１－２９９,元治１,1864,1,冊,1,Landscape,186
200019550,H29.12,政治・法制,袖珍武鑑,しゅうちんぶかん,shūchinbukan,刊,ＭＹ－１２０１－２９９,元治１,1864,1,冊,1,Landscape,154
200019551,H29.12,政治・法制,袖玉武鑑,しゅうぎょくぶかん,shūgyokubukan,刊,ＭＹ－１２０１－２９９,元治１,1864,1,冊,1,Landscape,186
200019552,H29.12,政治・法制,袖珍武鑑,しゅうちんぶかん,shūchinbukan,刊,ＭＹ－１２０１－２９９,元治１,1864,1,冊,1,Landscape,154
200019553,H29.12,政治・法制,袖玉武鑑,しゅうぎょくぶかん,shūgyokubukan,刊,ＭＹ－１２０１－２９９,元治１,1864,1,冊,1,Landscape,186
200019554,H29.12,政治・法制,袖玉武鑑,しゅうぎょくぶかん,shūgyokubukan,刊,ＭＹ－１２０１－３００,元治１,1864,1,冊,1,Landscape,186
200019556,H29.12,政治・法制,袖珍武鑑,しゅうちんぶかん,shūchinbukan,刊,ＭＹ－１２０１－３０１,元治２,1865,1,冊,1,Landscape,154
200019557,H29.12,政治・法制,有司武鑑,ゆうしぶかん,yūshibukan,刊,ＭＹ－１２０１－３０１,元治２,1865,1,冊,1,Landscape,192
200019558,H29.12,政治・法制,袖珍武鑑,しゅうちんぶかん,shūchinbukan,刊,ＭＹ－１２０１－３０１,元治２,1865,1,冊,1,Landscape,154
200019559,H29.12,政治・法制,有司武鑑,ゆうしぶかん,yūshibukan,刊,ＭＹ－１２０１－３０１,元治２,1865,1,冊,1,Landscape,192
200019560,H29.12,政治・法制,袖珍武鑑,しゅうちんぶかん,shūchinbukan,刊,ＭＹ－１２０１－３０１,元治２,1865,1,冊,1,Landscape,156
200019561,H29.12,政治・法制,有司武鑑,ゆうしぶかん,yūshibukan,刊,ＭＹ－１２０１－３０１,元治２,1865,1,冊,1,Landscape,194
200019565,H29.12,政治・法制,袖珍武鑑,しゅうちんぶかん,shūchinbukan,刊,ＭＹ－１２０１－３０２,慶応１,1865,1,冊,1,Landscape,156
200019566,H29.12,政治・法制,有司武鑑,ゆうしぶかん,yūshibukan,刊,ＭＹ－１２０１－３０２,慶応１,1865,1,冊,1,Landscape,190
200019568,H29.12,政治・法制,袖珍武鑑,しゅうちんぶかん,shūchinbukan,刊,ＭＹ－１２０１－３０２,慶応１,1865,1,冊,1,Landscape,162
200019569,H29.12,政治・法制,有司武鑑,ゆうしぶかん,yūshibukan,刊,ＭＹ－１２０１－３０２,慶応１,1865,1,冊,1,Landscape,190
200019570,H29.12,政治・法制,袖珍武鑑,しゅうちんぶかん,shūchinbukan,刊,ＭＹ－１２０１－３０２,慶応１,1865,1,冊,1,Landscape,156
200019571,H29.12,政治・法制,有司武鑑,ゆうしぶかん,yūshibukan,刊,ＭＹ－１２０１－３０２,慶応１,1865,1,冊,1,Landscape,190
200019572,H29.12,政治・法制,袖珍武鑑,しゅうちんぶかん,shūchinbukan,刊,ＭＹ－１２０１－３０２,慶応１,1865,1,冊,1,Landscape,156
200019573,H29.12,政治・法制,有司武鑑,ゆうしぶかん,yūshibukan,刊,ＭＹ－１２０１－３０２,慶応１,1865,1,冊,1,Landscape,190
200019576,H29.12,政治・法制,袖珍武鑑,しゅうちんぶかん,shūchinbukan,刊,ＭＹ－１２０１－３０３,慶応１,1865,1,冊,1,Landscape,156
200019578,H29.12,政治・法制,有司武鑑,ゆうしぶかん,yūshibukan,刊,ＭＹ－１２０１－３０３,慶応１,1865,1,冊,1,Landscape,188
200019579,H29.12,政治・法制,袖珍武鑑,しゅうちんぶかん,shūchinbukan,刊,ＭＹ－１２０１－３０３,慶応１,1865,1,冊,1,Landscape,156
200019580,H29.12,政治・法制,有司武鑑,ゆうしぶかん,yūshibukan,刊,ＭＹ－１２０１－３０３,慶応１,1865,1,冊,1,Landscape,190
200019581,H29.12,政治・法制,袖珍武鑑,しゅうちんぶかん,shūchinbukan,刊,ＭＹ－１２０１－３０３,慶応１,1865,1,冊,1,Landscape,156
200019583,H29.12,政治・法制,袖玉武鑑,しゅうぎょくぶかん,shūgyokubukan,刊,ＭＹ－１２０１－３０３,慶応１,1865,1,冊,1,Landscape,188
200019585,H29.12,政治・法制,袖珍武鑑,しゅうちんぶかん,shūchinbukan,刊,ＭＹ－１２０１－３０４,慶応１,1865,1,冊,1,Landscape,156
200019586,H29.12,政治・法制,袖玉武鑑,しゅうぎょくぶかん,shūgyokubukan,刊,ＭＹ－１２０１－３０４,慶応１,1865,1,冊,1,Landscape,190
200019587,H29.12,政治・法制,袖珍武鑑,しゅうちんぶかん,shūchinbukan,刊,ＭＹ－１２０１－３０４,慶応１,1865,1,冊,1,Landscape,156
200019588,H29.12,政治・法制,袖玉武鑑,しゅうぎょくぶかん,shūgyokubukan,刊,ＭＹ－１２０１－３０４,慶応１,1865,1,冊,1,Landscape,190
200019589,H29.12,政治・法制,袖珍武鑑,しゅうちんぶかん,shūchinbukan,刊,ＭＹ－１２０１－３０４,慶応１,1865,1,冊,1,Landscape,156
200019590,H29.12,政治・法制,袖玉武鑑,しゅうぎょくぶかん,shūgyokubukan,刊,ＭＹ－１２０１－３０４,慶応１,1865,1,冊,1,Landscape,190
200019592,H29.12,政治・法制,袖玉武鑑,しゅうぎょくぶかん,shūgyokubukan,刊,ＭＹ－１２０１－３０５,慶応２,1866,1,冊,1,Landscape,190
200019593,H29.12,政治・法制,袖珍武鑑,しゅうちんぶかん,shūchinbukan,刊,ＭＹ－１２０１－３０５,慶応２,1866,1,冊,1,Landscape,156
200019594,H29.12,政治・法制,袖珍武鑑,しゅうちんぶかん,shūchinbukan,刊,ＭＹ－１２０１－３０５,慶応２,1866,1,冊,1,Landscape,156
200019595,H29.12,政治・法制,袖玉武鑑,しゅうぎょくぶかん,shūgyokubukan,刊,ＭＹ－１２０１－３０５,慶応２,1866,1,冊,1,Landscape,190
200019596,H29.12,政治・法制,袖珍武鑑,しゅうちんぶかん,shūchinbukan,刊,ＭＹ－１２０１－３０５,慶応２,1866,1,冊,1,Landscape,156
200019597,H29.12,政治・法制,袖玉武鑑,しゅうぎょくぶかん,shūgyokubukan,刊,ＭＹ－１２０１－３０５,慶応２,1866,1,冊,1,Landscape,190
200019599,H29.12,政治・法制,袖珍武鑑,しゅうちんぶかん,shūchinbukan,刊,ＭＹ－１２０１－３０６,慶応２,1866,1,冊,1,Landscape,157
200019600,H29.12,政治・法制,有司武鑑,ゆうしぶかん,yūshibukan,刊,ＭＹ－１２０１－３０６,慶応２,1866,1,冊,1,Landscape,192
200019601,H29.12,政治・法制,袖珍武鑑,しゅうちんぶかん,shūchinbukan,刊,ＭＹ－１２０１－３０６,慶応２,1866,1,冊,1,Landscape,153
200019602,H29.12,政治・法制,有司武鑑,ゆうしぶかん,yūshibukan,刊,ＭＹ－１２０１－３０６,慶応２,1866,1,冊,1,Landscape,194
200019604,H29.12,政治・法制,袖珍武鑑,しゅうちんぶかん,shūchinbukan,刊,ＭＹ－１２０１－３０６,慶応２,1866,1,冊,1,Landscape,153
200019605,H29.12,政治・法制,有司武鑑,ゆうしぶかん,yūshibukan,刊,ＭＹ－１２０１－３０６,慶応２,1866,1,冊,1,Landscape,194
200019607,H29.12,政治・法制,袖珍武鑑,しゅうちんぶかん,shūchinbukan,刊,ＭＹ－１２０１－３０７,慶応２,1866,1,冊,1,Landscape,153
200019608,H29.12,政治・法制,有司武鑑,ゆうしぶかん,yūshibukan,刊,ＭＹ－１２０１－３０７,慶応２,1866,1,冊,1,Landscape,192
200019609,H29.12,政治・法制,袖珍武鑑,しゅうちんぶかん,shūchinbukan,刊,ＭＹ－１２０１－３０７,慶応２,1866,1,冊,1,Landscape,153
200019610,H29.12,政治・法制,有司武鑑,ゆうしぶかん,yūshibukan,刊,ＭＹ－１２０１－３０７,慶応２,1866,1,冊,1,Landscape,194
200019611,H29.12,政治・法制,袖珍武鑑,しゅうちんぶかん,shūchinbukan,刊,ＭＹ－１２０１－３０７,慶応２,1866,1,冊,1,Landscape,153
200019612,H29.12,政治・法制,袖玉武鑑,しゅうぎょくぶかん,shūgyokubukan,刊,ＭＹ－１２０１－３０７,慶応２,1866,1,冊,1,Landscape,192
200019616,H29.12,政治・法制,袖珍武鑑,しゅうちんぶかん,shūchinbukan,刊,ＭＹ－１２０１－３０８,慶応２,1866,1,冊,1,Landscape,152
200019617,H29.12,政治・法制,袖玉武鑑,しゅうぎょくぶかん,shūgyokubukan,刊,ＭＹ－１２０１－３０８,慶応２,1866,1,冊,1,Landscape,192
200019618,H29.12,政治・法制,万世武鑑,ばんせいぶかん,banseibukan,刊,ＭＹ－１２０１－３０８,慶応２,1866,1,冊,1,Landscape,180
200019619,H29.12,政治・法制,有司武鑑,ゆうしぶかん,yūshibukan,刊,ＭＹ－１２０１－３０８,慶応２,1866,1,冊,1,Landscape,194
200019620,H29.12,政治・法制,袖珍武鑑,しゅうちんぶかん,shūchinbukan,刊,ＭＹ－１２０１－３０８,慶応２,1866,1,冊,1,Landscape,152
200019621,H29.12,政治・法制,袖玉武鑑,しゅうぎょくぶかん,shūgyokubukan,刊,ＭＹ－１２０１－３０８,慶応２,1866,1,冊,1,Landscape,194
200019622,H29.12,政治・法制,袖玉武鑑,しゅうぎょくぶかん,shūgyokubukan,刊,ＭＹ－１２０１－３０９,慶応２,1866,1,冊,1,Landscape,190
200019624,H29.12,政治・法制,袖珍武鑑,しゅうちんぶかん,shūchinbukan,刊,ＭＹ－１２０１－３１０,慶応３,1867,1,冊,1,Landscape,152
200019625,H29.12,政治・法制,袖玉武鑑,しゅうぎょくぶかん,shūgyokubukan,刊,ＭＹ－１２０１－３１０,慶応３,1867,1,冊,1,Landscape,192
200019626,H29.12,政治・法制,袖珍武鑑,しゅうちんぶかん,shūchinbukan,刊,ＭＹ－１２０１－３１０,慶応３,1867,1,冊,1,Landscape,152
200019627,H29.12,政治・法制,袖玉武鑑,しゅうぎょくぶかん,shūgyokubukan,刊,ＭＹ－１２０１－３１０,慶応３,1867,1,冊,1,Landscape,190
200019628,H29.12,政治・法制,袖珍武鑑,しゅうちんぶかん,shūchinbukan,刊,ＭＹ－１２０１－３１０,慶応３,1867,1,冊,1,Landscape,152
200019629,H29.12,政治・法制,袖玉武鑑,しゅうぎょくぶかん,shūgyokubukan,刊,ＭＹ－１２０１－３１０,慶応３,1867,1,冊,1,Landscape,190
200019631,H29.12,政治・法制,袖珍武鑑,しゅうちんぶかん,shūchinbukan,刊,ＭＹ－１２０１－３１１,慶応３,1867,1,冊,1,Landscape,152
200019632,H29.12,政治・法制,袖玉武鑑,しゅうぎょくぶかん,shūgyokubukan,刊,ＭＹ－１２０１－３１１,慶応３,1867,1,冊,1,Landscape,190
200019633,H29.12,政治・法制,袖珍武鑑,しゅうちんぶかん,shūchinbukan,刊,ＭＹ－１２０１－３１１,慶応３,1867,1,冊,1,Landscape,152
200019634,H29.12,政治・法制,袖玉武鑑,しゅうぎょくぶかん,shūgyokubukan,刊,ＭＹ－１２０１－３１１,慶応３,1867,1,冊,1,Landscape,190
200019635,H29.12,政治・法制,袖珍武鑑,しゅうちんぶかん,shūchinbukan,刊,ＭＹ－１２０１－３１１,慶応３,1867,1,冊,1,Landscape,152
200019636,H29.12,政治・法制,袖玉武鑑,しゅうぎょくぶかん,shūgyokubukan,刊,ＭＹ－１２０１－３１１,慶応３,1867,1,冊,1,Landscape,190
200019638,H29.12,政治・法制,袖珍武鑑,しゅうちんぶかん,shūchinbukan,刊,ＭＹ－１２０１－３１２,慶応３,1867,1,冊,1,Landscape,150
200019639,H29.12,政治・法制,袖玉武鑑,しゅうぎょくぶかん,shūgyokubukan,刊,ＭＹ－１２０１－３１２,慶応３,1867,1,冊,1,Landscape,190
200019640,H29.12,政治・法制,袖珍武鑑,しゅうちんぶかん,shūchinbukan,刊,ＭＹ－１２０１－３１２,慶応３,1867,1,冊,1,Landscape,152
200019641,H29.12,政治・法制,袖玉武鑑,しゅうぎょくぶかん,shūgyokubukan,刊,ＭＹ－１２０１－３１２,慶応３,1867,1,冊,1,Landscape,190
200019642,H29.12,政治・法制,袖珍武鑑,しゅうちんぶかん,shūchinbukan,刊,ＭＹ－１２０１－３１２,慶応３,1867,1,冊,1,Landscape,152
200019643,H29.12,政治・法制,袖玉武鑑,しゅうぎょくぶかん,shūgyokubukan,刊,ＭＹ－１２０１－３１２,慶応３,1867,1,冊,1,Landscape,190
200019645,H29.12,政治・法制,袖珍武鑑,しゅうちんぶかん,shūchinbukan,刊,ＭＹ－１２０１－３１３,慶応３,1867,1,冊,1,Landscape,152
200019646,H29.12,政治・法制,袖玉武鑑,しゅうぎょくぶかん,shūgyokubukan,刊,ＭＹ－１２０１－３１３,慶応３,1867,1,冊,1,Landscape,190
200019648,H29.12,政治・法制,袖珍武鑑,しゅうちんぶかん,shūchinbukan,刊,ＭＹ－１２０１－３１３,慶応３,1867,1,冊,1,Landscape,152
200019649,H29.12,政治・法制,袖玉武鑑,しゅうぎょくぶかん,shūgyokubukan,刊,ＭＹ－１２０１－３１３,慶応３,1867,1,冊,1,Landscape,196
200019650,H29.12,政治・法制,袖珍武鑑,しゅうちんぶかん,shūchinbukan,刊,ＭＹ－１２０１－３１４,慶応３,1867,1,冊,1,Landscape,152
200019651,H29.12,政治・法制,御国分武鑑,おくにわけぶかん,okuniwakebukan,刊,ＭＹ－１２０１－３１５,慶応４,1868,1,冊,2,Landscape,28
200019652,H29.12,政治・法制,御国分武鑑,おくにわけぶかん,okuniwakebukan,刊,ＭＹ－１２０１－３１６,慶応４,1868,1,冊,2,Landscape,29
200019661,H29.12,政治・法制,昇栄武鑑,しょうえいぶかん,shōeibukan,刊,ＭＹ－１２０１－３２４,嘉永６,1853,1,冊,2,Landscape,124
200019662,H29.12,政治・法制,昇栄武鑑,しょうえいぶかん,shōeibukan,刊,ＭＹ－１２０１－３２５,安政３,1856,1,冊,2,Landscape,125
200019666,H29.12,政治・法制,昇栄武鑑,しょうえいぶかん,shōeibukan,刊,ＭＹ－１２０１－３２７,元治１,1864,1,冊,2,Landscape,128
